count,startPost,post,startGet,get,startFilter,filter
1,1545059183537,903,1545059184440,779,1545059185219,793
3,1545059183975,730,1545059184705,795,1545059185500,777
2,1545059184056,640,1545059184696,755,1545059185451,754
4,1545059184112,588,1545059184700,593,1545059185293,543
5,1545059193054,839,1545059193893,778,1545059194671,792
9,1545059193109,855,1545059193964,586,1545059194550,641
6,1545059193176,726,1545059193902,794,1545059194696,535
7,1545059193602,756,1545059194358,844,1545059195202,582
8,1545059193689,762,1545059194451,820,1545059195271,831
14,1545059202665,909,1545059203574,564,1545059204138,569
10,1545059202902,667,1545059203569,731,1545059204300,744
12,1545059203038,813,1545059203851,591,1545059204442,592
13,1545059203127,845,1545059203972,818,1545059204790,787
11,1545059203180,809,1545059203989,817,1545059204806,565
19,1545059210888,763,1545059211651,562,1545059212213,619
16,1545059212388,835,1545059213223,593,1545059213816,592
18,1545059212549,587,1545059213136,540,1545059213676,582
15,1545059212632,782,1545059213414,791,1545059214205,730
17,1545059212720,760,1545059213480,557,1545059214037,568
23,1545059221534,637,1545059222171,820,1545059222991,567
20,1545059221712,638,1545059222350,776,1545059223126,590
22,1545059221844,899,1545059222743,757,1545059223500,792
24,1545059221915,696,1545059222611,593,1545059223204,606
21,1545059221971,571,1545059222542,767,1545059223309,592
29,1545059231191,600,1545059231791,602,1545059232393,727
28,1545059231335,544,1545059231879,598,1545059232477,762
26,1545059231502,564,1545059232066,758,1545059232824,762
27,1545059231947,558,1545059232505,795,1545059233300,612
25,1545059232013,790,1545059232803,592,1545059233395,590
33,1545059240764,996,1545059241760,534,1545059242294,619
30,1545059240817,950,1545059241767,723,1545059242490,601
31,1545059241037,771,1545059241808,542,1545059242350,560
34,1545059241227,935,1545059242162,759,1545059242921,794
32,1545059241288,845,1545059242133,581,1545059242714,760
37,1545059250421,593,1545059251014,564,1545059251578,771
35,1545059250494,618,1545059251112,611,1545059251723,755
38,1545059250562,652,1545059251214,758,1545059251972,751
39,1545059250633,775,1545059251408,583,1545059251991,790
36,1545059251331,561,1545059251892,751,1545059252643,794
40,1545059260131,695,1545059260826,586,1545059261412,792
43,1545059260338,900,1545059261238,539,1545059261777,563
41,1545059260402,639,1545059261041,728,1545059261769,567
42,1545059260473,797,1545059261270,745,1545059262015,572
44,1545059260640,788,1545059261428,584,1545059262012,793
47,1545059268043,776,1545059268819,830,1545059269649,576
46,1545059269379,663,1545059270042,560,1545059270602,754
48,1545059269547,765,1545059270312,557,1545059270869,591
45,1545059269645,570,1545059270215,569,1545059270784,781
49,1545059269829,775,1545059270604,549,1545059271153,544
54,1545059276427,612,1545059277039,580,1545059277619,603
50,1545059277572,573,1545059278145,761,1545059278906,561
52,1545059277704,815,1545059278519,783,1545059279302,799
53,1545059277821,585,1545059278406,790,1545059279196,564
51,1545059277941,755,1545059278696,559,1545059279255,578
59,1545059285905,897,1545059286802,780,1545059287582,748
55,1545059285967,869,1545059286836,773,1545059287609,802
58,1545059286050,589,1545059286639,800,1545059287439,761
57,1545059286186,838,1545059287024,731,1545059287755,567
56,1545059286236,570,1545059286806,726,1545059287532,570
61,1545059294461,835,1545059295296,573,1545059295869,766
64,1545059294526,757,1545059295283,565,1545059295848,568
63,1545059294600,685,1545059295285,835,1545059296120,566
62,1545059294662,779,1545059295441,562,1545059296003,592
60,1545059294711,596,1545059295307,811,1545059296118,797
68,1545059301586,782,1545059302368,608,1545059302976,775
67,1545059302768,585,1545059303353,585,1545059303938,800
65,1545059302882,568,1545059303450,796,1545059304246,788
66,1545059302974,576,1545059303550,590,1545059304140,591
69,1545059303029,561,1545059303590,803,1545059304393,757
73,1545059310912,846,1545059311758,579,1545059312337,802
70,1545059310962,669,1545059311631,806,1545059312437,546
74,1545059311011,834,1545059311845,772,1545059312617,564
71,1545059311242,790,1545059312032,797,1545059312829,766
72,1545059311521,569,1545059312090,582,1545059312672,592
76,1545059319387,796,1545059320183,830,1545059321013,564
77,1545059319486,602,1545059320088,565,1545059320653,797
75,1545059319600,742,1545059320342,669,1545059321011,815
79,1545059319677,736,1545059320413,603,1545059321016,572
78,1545059319784,755,1545059320539,661,1545059321200,799
80,1545059326743,594,1545059327337,813,1545059328150,584
81,1545059327876,616,1545059328492,757,1545059329249,567
82,1545059327933,795,1545059328728,787,1545059329515,755
83,1545059328265,566,1545059328831,596,1545059329427,586
84,1545059329036,579,1545059329615,566,1545059330181,738
86,1545059336549,740,1545059337289,555,1545059337844,727
89,1545059336694,843,1545059337537,726,1545059338263,562
87,1545059336744,766,1545059337510,593,1545059338103,587
85,1545059336810,793,1545059337603,589,1545059338192,571
88,1545059336921,582,1545059337503,789,1545059338292,591
91,1545059343703,690,1545059344393,593,1545059344986,587
90,1545059343789,609,1545059344398,770,1545059345168,790
92,1545059345057,582,1545059345639,789,1545059346428,750
93,1545059345165,759,1545059345924,781,1545059346705,757
94,1545059345257,564,1545059345821,757,1545059346578,570
97,1545059353332,866,1545059354198,584,1545059354782,579
95,1545059353385,604,1545059353989,774,1545059354763,787
98,1545059353460,584,1545059354044,776,1545059354820,733
96,1545059353594,565,1545059354159,559,1545059354718,565
99,1545059353646,584,1545059354230,561,1545059354791,758
100,1545059361833,769,1545059362602,589,1545059363191,765
