count,startDelete,delete
3,1545059413491,841
4,1545059413558,628
1,1545059413615,789
2,1545059413756,784
9,1545059420362,965
6,1545059420433,719
8,1545059420502,636
7,1545059420560,583
5,1545059421432,764
12,1545059428524,824
14,1545059428747,586
13,1545059428864,872
10,1545059428951,795
11,1545059429142,786
19,1545059436531,901
15,1545059436632,768
18,1545059436736,670
16,1545059436801,653
17,1545059436860,728
23,1545059442729,563
20,1545059444083,782
22,1545059444255,626
21,1545059444320,761
24,1545059444422,587
28,1545059451612,1011
26,1545059451736,794
25,1545059451899,867
29,1545059451965,873
27,1545059452425,577
30,1545059458320,794
34,1545059459533,847
32,1545059459606,786
31,1545059459803,788
33,1545059460467,792
37,1545059472238,563
36,1545059472550,783
39,1545059473129,752
35,1545059473687,577
38,1545059474865,573
43,1545059482994,707
41,1545059483111,593
42,1545059483237,895
40,1545059483301,598
44,1545059483416,738
49,1545059490668,842
48,1545059490738,699
47,1545059490815,835
46,1545059490864,760
45,1545059491129,597
53,1545059497986,646
50,1545059498185,846
51,1545059498326,642
54,1545059498412,575
52,1545059498594,592
59,1545059504579,738
58,1545059504630,723
56,1545059504705,834
57,1545059504771,772
55,1545059505821,828
63,1545059513123,784
62,1545059513408,580
64,1545059513474,801
60,1545059513525,723
61,1545059514835,758
69,1545059520530,613
66,1545059522145,848
65,1545059522267,659
68,1545059522365,643
67,1545059522416,762
72,1545059529536,809
71,1545059529591,544
74,1545059529771,660
73,1545059529939,780
70,1545059530053,565
77,1545059535810,757
78,1545059535969,769
76,1545059537144,612
75,1545059537306,762
79,1545059537755,721
81,1545059543512,758
83,1545059544603,574
80,1545059544867,866
82,1545059545098,638
84,1545059545255,762
88,1545059552373,691
85,1545059552580,682
86,1545059552654,785
89,1545059552951,800
87,1545059553061,760
90,1545059560298,1023
92,1545059560380,863
94,1545059560487,837
91,1545059560728,642
93,1545059560778,563
95,1545059566564,794
98,1545059567711,636
96,1545059567812,571
97,1545059567957,589
99,1545059568008,788
100,1545059575289,972
