count,post,get,filter
4,27,180,185
1,285,17,247
3,189,10,262
2,116,15,261
5,53,102,164
6,112,101,163
8,33,83,100
9,72,64,111
7,69,10,104
13,62,13,159
10,59,27,251
14,199,9,111
12,13,9,144
11,144,8,165
19,155,11,127
17,23,12,144
15,75,18,122
18,138,8,205
16,19,7,152
20,63,11,234
21,15,13,220
24,153,62,108
22,12,61,117
23,8,23,139
26,113,118,155
27,16,12,223
28,122,25,270
29,69,23,330
25,60,100,116
30,11,9,84
31,205,60,84
32,64,11,162
34,63,61,175
33,11,17,155
36,64,31,88
39,79,237,177
37,239,8,172
35,180,10,187
38,10,10,206
43,72,180,131
44,186,17,161
40,20,59,111
41,27,21,213
42,78,30,226
49,18,12,148
45,209,10,146
47,81,61,146
46,145,57,155
48,64,40,155
53,13,9,298
54,66,8,250
52,178,12,286
50,12,21,279
51,275,63,332
58,11,9,376
56,74,9,378
57,11,8,156
59,190,8,163
55,272,8,167
61,70,76,247
60,12,125,207
63,62,18,235
64,26,93,179
62,137,44,79
68,15,7,81
69,64,14,287
67,16,7,281
66,66,9,149
65,12,11,169
71,66,13,324
73,79,68,333
70,14,10,316
72,11,88,277
74,257,37,330
76,63,9,166
79,12,7,166
78,90,69,244
77,10,10,270
75,70,10,295
80,37,6,239
82,77,77,161
81,21,79,203
84,129,80,217
83,68,73,148
85,11,5,119
87,12,67,151
89,10,124,140
88,104,29,127
86,41,27,149
93,9,8,144
90,75,93,248
91,66,56,436
92,52,229,224
94,17,53,213
98,13,12,85
99,14,9,184
96,13,8,150
95,69,7,160
97,128,6,164
104,49,16,249
101,63,11,292
102,119,12,299
100,10,11,318
103,174,13,326
109,64,8,400
106,10,58,342
105,69,278,399
108,62,226,148
107,228,7,162
114,15,7,123
111,67,62,127
113,13,61,139
110,9,63,139
112,49,27,92
115,243,11,111
116,14,65,303
117,67,68,310
119,117,68,314
118,13,105,242
120,11,6,104
122,9,6,131
124,10,7,178
121,75,6,193
123,38,87,87
129,19,63,228
128,13,8,240
125,155,15,154
127,101,16,176
126,42,19,174
134,10,6,143
133,11,159,144
131,108,11,120
130,17,14,193
132,18,44,162
135,11,8,131
137,61,11,138
136,123,11,140
139,11,63,147
138,54,30,93
141,18,6,148
140,213,15,302
144,159,14,328
142,19,12,338
143,109,14,352
149,10,9,85
145,13,175,174
147,127,13,169
146,12,13,202
148,71,15,219
150,12,7,246
151,64,8,251
152,125,14,129
154,70,18,173
153,16,13,210
159,66,10,192
155,13,63,138
156,15,68,244
158,67,10,221
157,8,10,231
161,11,7,122
163,10,7,126
164,14,97,176
160,67,99,175
162,15,30,150
165,69,65,154
167,19,64,153
169,44,115,253
166,62,4,293
168,10,13,315
172,14,11,152
174,11,62,119
173,12,13,157
171,85,11,115
170,13,21,107
179,13,7,216
175,21,173,159
178,124,15,172
177,65,13,189
176,22,7,215
184,64,10,118
181,11,7,178
183,42,62,308
180,10,62,303
182,12,18,306
186,11,7,123
185,66,7,182
189,32,92,120
188,64,8,122
187,12,5,140
194,77,12,292
192,131,9,304
190,16,8,326
191,95,109,167
193,133,44,101
197,16,10,134
199,66,8,135
198,14,7,155
195,64,8,118
196,8,6,116
201,63,19,211
202,25,123,206
203,77,24,189
204,47,8,197
200,134,26,206
205,38,36,334
208,165,63,301
209,13,109,294
206,37,49,273
207,60,34,333
212,11,8,158
210,65,12,156
211,69,8,171
214,124,11,189
213,11,10,197
215,9,5,98
217,36,69,125
219,66,68,169
218,67,11,175
216,11,9,176
224,113,11,131
223,64,9,195
220,13,11,308
221,59,50,215
222,55,50,163
226,11,7,196
225,13,124,101
229,19,61,126
228,64,70,139
227,9,24,157
233,11,6,399
230,158,192,174
234,103,190,205
232,195,22,189
231,33,28,212
239,68,8,135
235,12,7,135
236,65,68,284
238,71,7,292
237,11,6,304
243,127,8,135
244,75,14,192
241,12,11,206
242,65,54,129
240,72,6,121
249,70,117,137
246,119,72,291
245,129,24,284
248,73,19,328
247,25,44,281
253,9,7,134
251,122,57,164
250,68,58,164
254,61,10,293
252,14,24,324
259,11,6,92
256,71,7,150
255,9,59,204
258,11,29,153
257,65,33,168
263,10,7,91
262,8,6,168
264,105,181,181
260,14,211,181
261,32,25,174
268,112,10,157
269,61,9,158
267,10,67,161
265,33,62,222
266,9,30,235
271,10,6,100
270,130,62,189
274,119,9,190
273,65,10,212
272,12,28,208
275,9,16,106
279,12,5,370
277,136,15,233
276,82,15,246
278,15,8,249
283,98,17,147
281,23,17,145
280,35,19,501
282,184,6,171
284,22,7,220
285,10,6,94
289,9,6,121
288,12,70,182
286,57,8,260
287,18,6,190
290,10,9,140
291,11,7,241
294,64,7,260
293,85,20,201
292,50,50,154
297,11,9,338
298,60,75,139
295,77,74,178
299,19,58,191
296,68,38,211
302,12,9,202
304,64,10,206
300,199,23,214
303,25,23,195
301,13,5,82
307,8,5,137
308,58,60,210
305,62,58,240
309,12,61,254
306,46,91,174
312,65,70,180
310,11,13,278
311,112,125,360
314,76,7,364
313,118,70,416
315,69,10,192
319,14,78,138
316,14,113,177
317,24,11,168
318,76,12,171
321,13,12,139
322,12,61,154
323,9,58,233
324,25,38,164
320,139,24,180
327,11,59,127
329,8,57,138
328,13,58,114
325,71,8,221
326,9,6,244
332,58,8,127
334,13,8,219
330,12,59,130
333,60,62,166
331,8,36,159
339,12,122,272
336,63,5,271
335,12,70,283
338,95,78,172
337,53,80,170
340,12,8,98
344,63,11,382
342,17,381,252
341,300,17,269
343,41,16,303
345,9,7,93
347,10,5,148
349,14,72,113
346,58,10,127
348,10,14,133
352,60,17,150
353,22,7,287
354,9,23,274
351,73,64,166
350,68,13,172
358,11,60,130
359,11,12,200
356,74,9,159
355,14,22,182
357,127,10,221
362,66,8,184
360,14,8,183
361,67,5,170
364,84,61,193
363,9,7,193
368,106,10,361
366,16,12,359
365,134,105,159
369,15,101,158
367,43,48,162
371,63,12,171
372,12,10,173
373,11,6,301
374,64,7,303
370,116,8,334
379,13,59,120
377,76,8,145
375,120,13,200
378,14,8,226
376,67,66,92
381,64,10,196
382,11,8,203
384,126,8,172
383,19,8,217
380,75,6,219
385,165,10,240
387,116,74,213
389,66,73,274
388,12,73,381
386,9,47,382
393,14,10,131
392,68,8,185
394,15,74,109
391,112,10,137
390,14,9,139
398,119,10,225
396,12,9,221
399,85,71,203
397,84,13,191
395,14,12,216
404,14,8,94
401,11,56,119
402,60,7,137
400,9,58,256
403,10,24,290
409,66,9,144
406,13,8,207
408,66,82,191
405,84,7,186
407,10,25,191
414,61,9,263
411,14,6,256
410,146,12,141
413,92,10,181
412,16,7,200
417,10,8,163
419,75,6,174
418,69,61,299
416,64,14,295
415,15,14,308
423,14,98,129
420,10,60,138
421,9,6,182
424,74,9,142
422,9,6,150
427,9,9,143
425,71,59,123
429,61,57,164
426,60,12,190
428,16,26,184
430,9,7,211
432,21,62,125
431,65,8,253
433,65,62,282
434,12,46,275
436,13,13,142
437,68,12,157
435,17,6,264
439,83,9,264
438,16,25,275
441,63,150,622
440,146,33,598
444,27,33,586
442,259,7,145
443,12,4,147
448,9,6,145
445,113,56,314
449,58,10,356
447,110,11,356
446,11,47,335
453,114,13,241
451,62,13,270
454,13,59,247
452,11,68,235
450,81,71,223
455,12,9,139
459,61,19,126
456,23,9,202
458,59,8,144
457,11,5,156
461,12,10,139
464,63,8,220
460,15,6,225
462,85,73,147
463,71,16,142
468,65,6,166
466,9,7,168
467,71,72,282
469,9,75,324
465,11,16,345
472,15,58,821
471,748,19,218
474,822,97,233
470,8,18,257
473,99,19,260
475,14,83,495
479,32,16,366
476,96,21,382
477,176,11,146
478,14,12,158
480,130,20,169
484,85,15,191
481,28,7,208
482,52,27,229
483,133,6,226
488,183,9,168
485,250,16,202
486,132,10,276
489,67,10,315
487,14,8,326
494,66,9,276
490,17,8,264
491,184,12,189
492,74,8,186
493,13,8,208
499,9,5,182
498,9,6,110
497,11,63,320
496,64,21,272
495,23,8,310
501,13,79,137
503,11,7,192
504,11,66,141
500,13,62,164
502,12,5,175
505,33,14,933
509,10,16,191
506,279,14,200
507,148,16,273
508,81,16,273
510,14,14,152
514,641,21,306
511,291,30,396
513,470,30,409
512,32,25,416
517,11,67,234
519,120,58,191
518,121,7,210
516,61,39,201
515,43,79,288
521,14,10,180
520,75,11,182
524,111,63,182
523,64,6,190
522,10,6,210
527,9,5,97
529,10,63,228
528,68,86,206
525,88,22,213
526,26,39,191
532,14,63,162
533,8,8,152
530,13,7,255
534,77,7,277
531,85,68,146
536,10,6,98
535,10,59,917
539,870,8,186
538,63,867,197
537,18,16,213
544,10,6,219
540,18,120,248
542,57,59,235
541,58,8,252
543,9,25,246
547,9,6,143
548,63,6,271
549,13,7,273
545,51,35,194
546,89,70,177
551,68,132,282
553,14,63,351
554,75,75,238
552,22,29,382
550,76,30,399
559,68,9,190
555,12,8,189
557,63,7,172
556,119,5,184
558,10,8,209
560,10,8,1094
563,13,8,350
564,1010,8,365
561,64,6,380
562,176,8,410
565,57,7,213
567,170,12,262
566,110,9,276
568,14,74,386
569,118,87,229
570,9,6,147
572,128,61,170
573,77,58,204
571,64,6,246
574,24,71,194
578,77,7,320
577,129,7,352
575,12,7,355
579,82,97,241
576,102,98,147
580,271,75,302
581,12,10,358
584,161,75,395
582,79,9,437
583,128,11,449
589,62,8,185
585,13,6,179
586,96,62,161
588,63,8,160
587,11,44,182
592,77,6,237
593,11,5,246
591,33,27,863
594,142,35,875
590,55,61,125
598,10,5,160
596,83,77,146
597,78,9,199
595,10,82,289
599,50,61,212
604,251,17,174
602,189,17,229
603,384,20,290
600,18,17,341
601,120,19,359
606,18,128,228
608,103,129,240
609,233,10,367
607,86,29,293
605,27,49,283
611,12,10,172
610,17,6,215
614,82,10,226
612,10,5,145
613,108,5,155
617,71,9,185
615,15,10,187
619,125,5,327
618,71,9,349
616,12,10,347
621,13,8,948
620,872,234,211
623,240,10,337
624,10,17,325
622,113,18,401
626,14,10,187
627,124,12,119
629,66,9,221
625,12,14,254
628,16,34,194
634,10,64,274
631,12,9,287
632,110,23,200
633,26,7,213
630,171,21,224
636,10,5,1052
635,16,9,946
637,111,27,288
639,874,26,305
638,10,34,342
641,13,8,142
640,8,5,1125
644,78,12,1119
643,12,7,175
642,168,6,179
646,19,8,178
645,83,6,991
649,10,9,1119
648,142,9,143
647,17,20,140
654,13,7,183
653,25,21,1029
652,846,9,179
651,931,26,193
650,25,10,223
655,16,10,249
659,192,10,357
656,131,8,363
658,74,8,403
657,12,8,406
663,13,9,176
660,73,12,328
664,13,59,414
662,127,13,508
661,34,13,426
668,11,9,193
665,131,9,260
669,14,9,269
667,74,9,296
666,54,81,169
671,12,6,1258
672,201,7,225
673,92,9,282
670,12,7,305
674,1172,10,312
679,65,9,206
675,15,8,275
676,95,111,206
677,114,9,220
678,11,18,230
684,11,5,129
681,130,9,315
683,11,10,420
680,185,9,430
682,66,8,454
685,15,11,121
688,1136,38,204
689,912,31,210
686,39,10,294
687,163,11,366
690,82,15,1202
692,20,7,1205
694,38,15,197
693,1102,25,220
691,1042,16,221
695,13,13,197
696,85,11,1079
698,18,79,1206
699,1006,28,201
697,26,13,209
701,12,7,139
704,76,77,1307
703,38,20,323
700,81,1045,362
702,1047,12,368
705,14,7,188
706,184,29,351
707,113,26,353
708,31,15,406
709,253,22,447
710,180,92,231
713,37,150,185
714,75,74,219
711,80,55,236
712,55,61,243
717,15,62,139
719,11,68,146
716,63,6,157
718,10,6,225
715,20,33,154
720,11,7,320
724,67,10,282
723,10,7,313
722,164,40,176
721,100,57,169
728,10,6,157
726,1157,26,407
725,134,18,395
727,1102,22,416
729,27,18,427
731,9,7,161
733,74,6,213
734,92,65,308
730,68,10,356
732,15,43,333
737,12,9,177
735,65,8,180
739,64,123,198
738,75,7,201
736,10,16,208
744,10,7,1228
741,63,6,1230
740,110,1021,187
742,1046,7,222
743,17,16,210
746,12,6,160
749,82,1086,320
748,1090,14,358
745,1031,30,390
747,30,44,387
754,13,5,120
752,9,6,179
753,79,81,166
750,15,78,203
751,61,51,250
756,93,10,321
755,163,10,348
758,19,15,343
759,228,10,384
757,392,15,397
761,169,85,441
764,93,8,469
763,94,79,477
760,14,20,471
762,296,85,500
766,368,9,372
767,13,9,431
768,133,9,483
769,271,14,510
765,66,10,524
771,13,9,129
774,67,10,145
770,21,62,156
772,9,6,259
773,10,31,263
779,15,73,136
775,12,125,228
776,72,24,224
777,11,18,222
778,68,91,101
782,12,10,1317
781,1172,19,198
783,130,20,260
784,1232,24,295
780,26,49,271
788,16,13,140
785,112,9,422
789,57,11,486
787,44,57,335
786,11,60,432
792,12,11,230
790,69,7,232
794,80,72,305
791,81,16,346
793,9,17,363
797,11,9,1360
795,1268,16,242
799,21,9,281
798,234,13,338
796,122,10,356
801,11,6,151
802,58,61,265
804,64,60,247
800,60,20,284
803,21,7,288
805,17,63,1211
809,1205,22,212
807,1109,8,258
808,1164,9,303
806,24,11,302
810,59,11,291
814,11,11,290
813,72,37,195
811,168,39,216
812,112,39,259
817,12,21,154
815,118,1053,330
819,65,1058,342
816,1017,44,365
818,1057,20,426
823,11,7,139
821,10,122,225
820,61,122,376
824,55,48,351
822,107,37,374
828,10,6,162
829,77,118,252
827,66,64,276
826,9,8,294
825,64,9,314
832,63,8,402
834,218,11,425
830,12,8,445
833,15,162,287
831,99,79,244
839,10,7,192
838,10,7,125
835,10,5,1183
837,12,6,163
836,1124,7,174
841,14,11,133
844,61,9,132
843,11,71,278
842,63,9,288
840,12,6,334
847,10,6,1379
849,111,7,274
846,12,8,274
845,321,8,410
848,260,8,408
852,12,6,202
853,1152,12,268
850,1248,16,289
851,1207,12,307
854,27,49,282
859,12,64,263
855,90,8,267
856,19,12,352
857,108,43,237
858,44,67,222
860,13,10,1248
864,31,249,377
863,123,24,412
861,63,24,425
862,11,24,438
865,12,64,1347
867,99,1250,332
869,1292,15,325
866,133,14,448
868,18,18,462
871,65,9,172
873,13,5,177
874,74,7,247
872,64,36,197
870,40,6,211
879,10,7,1503
878,21,8,307
876,296,9,309
877,185,9,350
875,74,9,354
880,12,8,1381
881,12,60,1254
884,1239,162,253
882,167,8,245
883,13,10,254
887,9,8,193
885,75,7,196
889,66,66,337
888,11,39,303
886,68,8,360
894,275,11,311
892,66,73,343
893,81,9,528
891,135,79,549
890,11,121,434
899,12,6,1611
898,303,7,256
896,13,8,280
895,90,9,303
897,200,8,331
904,10,7,1542
900,33,16,1424
902,25,7,204
901,249,8,220
903,132,8,261
905,78,7,1490
907,9,8,1491
906,1398,13,223
909,140,15,219
908,16,15,251
913,129,63,1587
914,129,1224,445
911,1278,21,437
912,1225,28,479
910,23,50,459
918,13,10,212
919,90,12,204
916,13,63,410
915,64,5,374
917,10,35,356
922,148,213,280
921,78,8,321
924,13,9,352
920,233,11,381
923,131,8,434
928,1356,153,260
927,163,10,324
925,282,12,385
926,13,10,411
929,71,10,418
934,12,13,1609
930,223,8,246
933,393,10,310
931,13,19,301
932,96,18,323
936,147,11,482
939,456,11,498
937,83,9,512
938,298,11,519
935,14,10,529
941,1474,14,632
942,35,315,402
943,17,33,436
940,76,50,460
944,194,50,464
948,17,7,1920
946,76,8,1921
949,266,9,336
945,86,8,352
947,13,8,402
950,11,22,1690
951,314,10,222
953,128,7,231
952,1862,12,329
954,13,10,341
955,13,2095,167
956,389,73,208
958,179,11,300
959,80,46,272
957,49,75,232
961,16,8,1753
962,444,14,273
960,247,11,297
963,14,15,335
964,126,15,337
969,28,10,431
968,1796,45,286
965,1580,44,299
967,1543,27,333
966,49,10,333
970,15,9,257
974,68,8,532
972,13,8,547
973,188,7,564
971,132,8,582
978,133,10,1679
979,397,9,1690
977,17,74,1919
975,1618,25,328
976,39,6,325
982,12,6,1651
984,63,7,1660
980,1489,15,338
983,82,1486,367
981,26,4,385
986,10,7,1541
985,9,6,1467
989,187,16,343
987,1425,16,356
988,36,10,389
993,13,6,1318
992,67,7,1328
991,11,8,258
994,116,7,287
990,242,8,299
999,12,1424,405
996,82,1423,433
997,147,72,388
995,97,45,414
998,85,147,333
1000,9,5,111
