count,delete
3,89
4,36
2,25
1,14
5,15
7,18
9,19
6,20
8,20
10,20
13,22
14,24
12,24
11,25
15,16
16,17
17,18
19,18
18,18
20,19
22,24
23,22
24,22
21,25
25,15
29,17
27,19
26,19
28,19
30,14
33,15
34,16
32,19
31,20
38,19
35,21
36,20
39,23
37,23
41,18
44,18
40,20
42,19
43,20
48,16
45,16
49,16
46,18
47,19
50,14
53,17
54,17
52,18
51,19
57,14
56,16
55,16
58,18
59,18
60,18
64,20
61,23
63,23
62,24
65,18
68,20
67,22
69,21
66,23
70,15
73,17
71,20
72,20
74,20
75,17
76,28
78,29
79,29
77,31
80,16
83,19
82,20
84,20
81,20
85,15
86,16
88,17
87,17
89,18
90,18
91,19
94,18
92,19
93,19
95,17
97,19
99,18
96,20
98,20
100,14
101,17
104,17
102,18
103,18
105,14
109,17
108,18
107,18
106,18
110,15
114,17
111,19
112,18
113,18
118,14
119,16
115,18
116,18
117,18
120,16
121,17
122,18
123,18
124,17
125,15
126,17
128,18
129,19
127,19
130,15
132,18
134,19
133,19
131,19
135,16
139,18
137,20
138,21
136,21
143,15
140,15
141,16
144,16
142,17
148,15
146,17
145,18
149,19
147,19
150,15
154,15
151,17
152,17
153,17
155,18
157,20
158,21
159,20
156,22
160,19
163,18
164,18
162,23
161,23
165,16
167,18
169,18
166,19
168,19
170,17
173,18
174,18
172,19
171,19
175,16
176,18
178,18
179,17
177,18
180,14
182,16
183,17
181,18
184,18
185,15
186,17
188,18
187,18
189,18
190,14
191,15
194,16
192,16
193,17
195,14
196,17
198,18
197,18
199,18
200,14
203,16
202,16
201,17
204,17
205,15
206,16
207,17
208,17
209,18
210,16
212,19
211,20
213,19
214,19
215,15
216,15
218,15
219,16
217,18
220,14
223,15
222,16
224,16
221,17
225,15
228,15
226,17
227,17
229,17
230,15
231,16
232,16
233,17
234,17
235,15
238,18
237,19
236,20
239,20
240,15
244,16
242,19
241,19
243,18
245,14
248,17
247,18
246,18
249,18
250,17
252,17
251,17
253,18
254,18
255,14
257,16
256,17
258,17
259,17
260,15
262,17
261,19
263,18
264,18
265,14
266,16
268,16
269,16
267,17
270,19
271,20
273,20
274,21
272,22
275,15
276,16
279,16
277,17
278,16
280,14
283,16
281,16
284,17
282,19
285,14
289,16
286,18
288,18
287,18
292,20
291,26
293,26
294,26
290,27
295,15
296,16
299,16
297,19
298,20
300,14
303,14
302,16
304,15
301,17
306,14
305,17
307,18
309,17
308,17
310,15
314,17
311,18
313,18
312,18
315,13
318,15
319,17
316,17
317,17
320,15
323,17
321,17
324,18
322,18
325,14
329,15
327,16
326,16
328,17
330,16
333,15
334,16
331,17
332,18
335,13
338,16
337,17
339,17
336,17
340,18
341,21
344,22
343,22
342,22
345,15
347,18
349,18
346,19
348,19
350,14
351,16
353,16
352,17
354,17
355,15
357,17
358,19
359,18
356,20
360,14
363,17
362,17
364,17
361,18
365,21
367,24
368,25
366,26
369,25
370,15
373,17
371,18
374,18
372,18
375,18
377,18
376,20
378,19
379,20
381,14
383,17
382,18
384,17
380,18
385,19
387,21
388,22
386,22
389,23
390,14
392,18
393,19
391,19
394,19
395,15
397,16
396,17
398,18
399,18
400,15
404,16
401,17
403,18
402,18
405,14
407,16
409,20
408,22
406,22
410,16
411,16
412,17
413,17
414,17
415,14
417,16
418,17
419,17
416,18
420,14
422,18
423,18
424,19
421,19
425,14
427,16
426,17
428,17
429,17
430,14
434,15
432,16
431,18
433,17
435,15
439,16
437,17
438,18
436,19
440,21
441,22
442,23
443,23
444,29
445,14
447,17
448,18
449,18
446,19
450,15
452,15
451,16
454,16
453,17
455,15
458,17
459,18
456,18
457,19
460,19
462,19
463,20
464,20
461,21
465,15
468,17
467,18
466,18
469,18
470,19
471,18
472,19
473,19
474,20
475,15
479,16
478,16
476,17
477,17
482,16
480,16
481,19
483,20
484,20
485,18
488,18
486,20
487,20
489,20
490,14
492,20
493,21
494,20
491,22
495,15
499,18
497,19
498,20
496,20
500,23
503,24
501,25
504,25
502,27
505,25
506,27
507,27
509,28
508,29
510,15
513,16
514,17
511,17
512,18
518,13
519,15
516,17
515,17
517,18
520,16
521,19
523,20
522,20
524,20
527,14
525,16
526,16
529,16
528,17
530,14
534,17
533,18
531,19
532,19
538,17
539,18
536,19
535,19
537,18
541,15
543,17
540,18
542,18
544,19
545,16
546,18
547,18
549,19
548,20
550,15
553,15
552,16
551,17
554,18
555,15
559,17
558,19
556,19
557,20
563,14
562,16
564,15
561,17
560,18
565,14
566,16
567,16
568,16
569,17
573,13
570,16
571,16
574,16
572,18
575,13
576,15
577,17
579,17
578,18
583,16
582,20
581,21
584,21
580,21
585,14
586,15
589,15
587,17
588,16
590,14
593,15
592,15
594,16
591,17
595,14
599,15
597,15
598,16
596,18
603,14
602,16
600,17
601,17
604,16
605,16
606,16
608,17
607,18
609,18
610,15
611,18
614,19
612,19
613,19
615,13
616,15
619,15
617,16
618,16
620,15
622,16
621,16
624,16
623,16
625,15
629,16
626,16
627,20
628,20
630,15
633,15
634,16
632,16
631,18
635,13
638,15
637,16
636,16
639,16
640,17
643,21
644,21
642,22
641,22
645,18
648,19
647,19
649,20
646,20
650,14
653,16
651,17
652,17
654,17
655,14
657,16
658,16
659,16
656,17
660,14
662,15
661,15
663,16
664,16
665,14
667,15
666,19
668,18
669,18
670,13
671,15
674,15
673,16
672,16
675,14
677,17
676,17
678,17
679,18
680,13
684,15
683,17
681,18
682,18
685,14
686,15
687,16
688,16
689,17
690,15
694,18
691,20
692,19
693,20
695,15
697,16
696,16
698,17
699,17
700,14
704,16
702,17
701,17
703,17
705,14
709,16
708,17
706,18
707,18
710,14
711,15
712,16
714,16
713,16
715,15
719,16
718,16
716,18
717,19
720,14
721,16
722,17
723,16
724,16
725,15
728,16
726,18
727,18
729,18
733,15
730,16
734,16
732,17
731,18
735,14
738,16
736,16
737,17
739,18
740,14
742,17
744,17
743,18
741,18
745,14
746,15
747,16
748,17
749,17
750,14
752,17
751,17
753,18
754,18
755,20
759,16
757,17
756,21
758,18
760,14
762,15
764,16
763,16
761,18
765,14
768,19
767,19
766,20
769,20
770,16
772,16
771,19
773,18
774,19
775,17
778,18
777,20
779,18
776,20
780,15
784,15
783,16
782,16
781,18
785,13
788,16
789,17
786,18
787,18
790,14
794,16
793,17
792,18
791,18
795,14
797,15
798,16
796,16
799,17
800,16
804,16
803,17
802,18
801,19
806,17
805,17
809,18
807,19
808,19
812,23
810,25
813,26
811,26
814,27
815,15
819,15
816,17
817,18
818,17
820,14
822,15
821,16
824,16
823,17
825,14
826,17
827,18
828,17
829,17
830,15
831,17
834,18
832,18
833,18
835,14
838,15
837,16
839,16
836,18
840,14
842,16
844,17
841,17
843,17
845,13
847,15
849,15
848,16
846,16
850,14
854,17
853,18
851,18
852,19
855,15
858,18
859,19
857,19
856,20
860,14
861,17
864,17
862,18
863,17
865,14
867,17
866,18
868,18
869,19
870,19
873,21
874,21
871,21
872,22
878,15
875,15
877,18
876,19
879,19
880,13
881,14
883,15
884,16
882,16
889,16
886,17
887,17
885,19
888,18
890,13
892,16
894,16
891,17
893,17
895,21
896,21
899,21
898,22
897,22
900,23
901,24
904,23
902,26
903,25
908,14
909,15
905,16
906,16
907,16
910,18
913,18
911,19
914,21
912,21
918,14
917,15
919,16
915,17
916,19
920,14
921,15
924,15
923,16
922,16
925,15
927,16
929,17
926,19
928,18
930,14
932,15
933,16
931,16
934,15
935,13
939,14
938,17
937,18
936,18
940,15
943,15
944,15
941,18
942,18
945,14
949,14
946,16
947,16
948,17
950,13
953,17
952,17
954,17
951,18
955,14
959,13
956,15
957,16
958,15
960,12
962,15
964,16
961,16
963,16
965,14
968,15
967,15
966,16
969,16
970,14
974,14
971,15
972,16
973,16
975,15
979,27
976,29
978,28
977,29
980,14
984,16
982,16
983,17
981,17
987,21
985,21
986,22
988,22
989,22
990,15
993,17
991,17
994,17
992,18
996,14
995,16
997,17
999,17
998,17
1000,15
1001,18
1003,18
1002,19
1004,19
1005,14
1007,16
1008,16
1006,18
1009,17
1010,15
1014,19
1013,20
1011,20
1012,20
1015,15
1016,16
1019,17
1017,17
1018,19
1020,15
1022,17
1021,18
1023,19
1024,19
1025,15
1029,18
1026,19
1028,19
1027,20
1030,14
1032,15
1031,16
1033,17
1034,16
1035,18
1037,19
1036,22
1038,21
1039,22
1040,14
1044,16
1041,18
1042,19
1043,19
1045,14
1046,15
1049,16
1047,16
1048,16
1050,14
1053,17
1054,18
1052,18
1051,19
1055,14
1057,16
1058,16
1056,17
1059,16
1060,14
1064,16
1061,16
1063,17
1062,18
1065,15
1066,15
1069,15
1068,17
1067,17
1072,22
1071,23
1074,23
1070,26
1073,27
1075,30
1077,31
1078,31
1079,38
1076,38
1080,15
1081,15
1083,16
1084,17
1082,18
1085,17
1089,21
1088,22
1086,22
1087,22
1090,15
1094,17
1093,17
1092,19
1091,19
1095,15
1097,18
1099,19
1096,19
1098,20
1100,14
1103,15
1102,16
1104,16
1101,16
1108,13
1106,15
1107,15
1109,16
1105,16
1110,15
1111,18
1112,17
1114,18
1113,18
1118,13
1117,15
1115,17
1119,16
1116,18
1120,17
1122,20
1123,20
1124,19
1121,22
1125,13
1128,15
1129,16
1126,16
1127,19
1130,14
1132,16
1134,16
1133,17
1131,17
1135,14
1138,17
1137,18
1139,18
1136,18
1143,13
1140,15
1144,15
1142,16
1141,16
1145,16
1149,15
1148,15
1146,18
1147,22
1150,14
1152,14
1151,16
1153,17
1154,17
1155,14
1156,16
1157,16
1158,17
1159,16
1160,19
1163,18
1161,20
1162,19
1164,19
1165,14
1167,16
1168,16
1166,17
1169,17
1170,14
1172,16
1173,21
1174,22
1171,23
1175,24
1176,32
1177,34
1179,34
1178,34
1180,13
1183,16
1184,16
1182,17
1181,17
1185,14
1188,17
1189,17
1186,18
1187,19
1190,13
1192,15
1191,16
1194,16
1193,18
1195,14
1197,16
1196,17
1199,16
1198,18
1200,14
1201,15
1202,16
1204,16
1203,17
1207,14
1209,15
1208,15
1205,17
1206,18
1210,14
1213,15
1211,16
1212,16
1214,17
1215,17
1218,17
1216,19
1219,19
1217,20
1220,16
1222,19
1224,18
1221,19
1223,19
1225,14
1229,14
1227,16
1228,17
1226,17
1230,14
1232,16
1233,17
1234,16
1231,18
1235,19
1238,20
1239,20
1237,21
1236,21
1240,15
1244,15
1241,16
1242,17
1243,17
1245,15
1248,14
1246,19
1247,19
1249,19
1250,15
1252,17
1254,18
1253,19
1251,19
1255,14
1258,17
1256,18
1257,18
1259,20
1260,17
1262,20
1264,21
1263,21
1261,22
1265,14
1269,15
1268,16
1267,16
1266,16
1270,16
1271,19
1274,20
1272,21
1273,21
1275,14
1278,16
1279,17
1276,17
1277,17
1284,24
1282,24
1283,25
1281,26
1280,26
1285,18
1289,20
1286,20
1288,20
1287,20
1290,14
1294,16
1291,17
1292,18
1293,17
1295,18
1297,21
1298,22
1296,22
1299,22
1300,14
1301,15
1302,16
1303,16
1304,16
1305,14
1307,15
1306,15
1308,18
1309,21
1310,21
1312,25
1313,26
1314,26
1311,28
1316,20
1317,21
1315,21
1318,22
1319,24
1320,16
1322,19
1321,20
1324,23
1323,23
1327,21
1326,21
1328,21
1325,23
1329,25
1334,24
1331,28
1333,28
1330,35
1332,36
1335,19
1339,20
1336,22
1338,22
1337,23
1343,15
1340,17
1344,17
1342,18
1341,21
1348,14
1347,15
1349,17
1346,17
1345,18
1353,14
1351,15
1352,16
1350,16
1354,17
1358,15
1355,16
1356,18
1357,19
1359,21
1360,14
1364,15
1362,16
1363,17
1361,17
1365,14
1366,18
1369,17
1367,17
1368,18
1370,14
1374,15
1371,17
1373,17
1372,17
1375,14
1378,15
1377,15
1379,16
1376,16
1380,14
1381,16
1383,16
1384,16
1382,18
1385,14
1386,15
1389,15
1387,16
1388,16
1390,16
1392,18
1393,21
1391,21
1394,21
1395,13
1398,15
1396,16
1399,17
1397,17
1402,14
1401,16
1400,17
1403,17
1404,18
1405,15
1407,17
1409,18
1408,19
1406,19
1410,15
1412,15
1411,16
1414,16
1413,17
1415,13
1416,15
1418,15
1417,18
1419,17
1420,14
1423,15
1422,17
1421,17
1424,16
1425,13
1427,14
1428,15
1429,16
1426,16
1430,15
1432,15
1433,16
1431,16
1434,29
1435,15
1437,17
1436,17
1439,17
1438,18
1440,14
1443,15
1444,16
1442,18
1441,19
1445,18
1448,18
1447,19
1446,20
1449,20
1450,14
1453,15
1452,16
1454,16
1451,17
1458,15
1455,16
1457,17
1459,17
1456,17
1460,14
1464,15
1463,15
1461,16
1462,16
1465,16
1467,18
1468,19
1466,19
1469,19
1470,15
1473,16
1471,17
1474,17
1472,17
1475,14
1477,17
1478,17
1476,17
1479,18
1480,14
1484,16
1481,18
1482,18
1483,17
1485,15
1487,15
1486,15
1489,17
1488,17
1490,14
1493,18
1492,19
1494,19
1491,19
1498,15
1495,16
1496,16
1497,17
1499,16
1503,14
1501,15
1502,19
1504,20
1500,21
1505,15
1506,16
1507,16
1509,17
1508,17
1510,17
1514,18
1512,18
1513,19
1511,20
1515,18
1518,18
1519,18
1517,20
1516,20
1520,14
1521,16
1522,16
1523,17
1524,16
1525,22
1529,39
1528,40
1526,41
1527,41
1530,14
1533,15
1531,15
1534,16
1532,16
1538,13
1535,15
1539,15
1536,15
1537,16
1540,13
1541,16
1543,17
1542,17
1544,17
1545,14
1547,16
1546,17
1549,16
1548,17
1550,14
1554,16
1551,16
1553,17
1552,17
1558,13
1555,15
1556,17
1559,16
1557,16
1560,26
1561,27
1563,27
1564,27
1562,28
1565,21
1567,24
1568,24
1566,25
1569,24
1570,14
1573,14
1572,16
1571,17
1574,17
1575,15
1579,16
1577,18
1578,18
1576,19
1583,13
1584,15
1582,16
1580,16
1581,17
1585,15
1589,16
1587,17
1588,17
1586,18
1590,14
1592,15
1591,16
1594,17
1593,17
1595,15
1597,16
1598,16
1599,17
1596,17
1603,13
1600,15
1604,18
1601,20
1602,20
1605,14
1607,15
1608,15
1609,15
1606,17
1610,13
1613,15
1612,16
1611,16
1614,16
1615,14
1619,15
1616,16
1617,17
1618,17
1623,13
1620,14
1622,15
1624,16
1621,16
1628,16
1629,17
1625,19
1626,19
1627,20
1630,14
1633,15
1631,16
1632,16
1634,17
1635,14
1636,15
1637,16
1638,16
1639,16
1640,15
1641,16
1644,16
1642,18
1643,18
1649,24
1645,26
1648,25
1646,26
1647,29
1653,36
1650,39
1652,40
1651,40
1654,41
1658,17
1655,18
1656,18
1659,20
1657,21
1660,13
1661,14
1663,18
1664,19
1662,20
1665,14
1666,16
1668,16
1667,17
1669,17
1670,14
1673,16
1674,16
1671,16
1672,17
1675,19
1679,23
1678,24
1677,24
1676,24
1680,13
1682,14
1681,15
1683,16
1684,16
1685,13
1687,16
1686,17
1688,17
1689,17
1690,14
1692,14
1691,15
1694,15
1693,16
1695,15
1698,17
1697,18
1696,18
1699,18
1703,17
1700,17
1704,19
1702,19
1701,20
1705,13
1707,15
1708,16
1706,16
1709,17
1710,14
1711,17
1714,18
1713,19
1712,19
1715,19
1718,19
1716,21
1719,21
1717,21
1720,14
1721,16
1724,17
1723,17
1722,17
1725,21
1729,24
1727,25
1728,25
1726,25
1730,14
1734,15
1732,16
1731,17
1733,17
1735,14
1739,16
1736,17
1737,18
1738,18
1740,15
1744,16
1743,16
1742,17
1741,17
1748,17
1749,19
1747,20
1746,21
1745,22
1750,15
1752,17
1753,17
1751,17
1754,18
1755,16
1756,20
1759,19
1757,20
1758,20
1760,14
1761,16
1763,18
1764,18
1762,18
1765,16
1767,19
1766,20
1769,20
1768,21
1770,14
1774,15
1771,16
1772,16
1773,17
1775,15
1776,18
1777,19
1779,18
1778,20
1780,13
1783,17
1781,17
1784,18
1782,18
1786,13
1787,16
1789,17
1788,18
1785,18
1790,17
1792,19
1794,18
1793,20
1791,22
1797,15
1795,17
1796,18
1799,18
1798,18
1800,15
1801,17
1802,17
1804,17
1803,18
1805,16
1806,18
1808,19
1809,19
1807,20
1810,15
1813,17
1814,17
1812,19
1811,19
1815,16
1817,16
1819,17
1818,18
1816,19
1823,15
1824,18
1820,20
1822,21
1821,22
1825,15
1826,16
1828,17
1829,18
1827,19
1833,13
1832,17
1834,17
1830,18
1831,18
1835,17
1839,18
1836,21
1838,21
1837,21
1840,14
1843,17
1844,18
1841,18
1842,18
1845,13
1849,16
1847,17
1846,17
1848,18
1850,13
1854,15
1852,16
1853,16
1851,16
1858,13
1859,15
1855,15
1857,16
1856,16
1860,14
1863,16
1864,16
1862,17
1861,18
1865,13
1869,20
1866,21
1867,21
1868,22
1870,13
1873,16
1874,17
1872,18
1871,18
1875,13
1877,15
1879,16
1878,16
1876,17
1880,14
1881,16
1882,17
1884,17
1883,18
1885,17
1889,18
1888,18
1886,19
1887,20
1891,15
1890,15
1894,17
1892,18
1893,17
1895,13
1899,16
1897,16
1896,17
1898,17
1900,16
1902,17
1901,21
1904,21
1903,21
1905,19
1907,18
1908,20
1906,20
1909,21
1914,18
1913,19
1910,19
1912,20
1911,20
1915,15
1916,17
1918,16
1917,17
1919,17
1920,14
1923,15
1922,16
1924,18
1921,19
1925,15
1929,15
1926,17
1927,16
1928,17
1930,14
1934,15
1931,16
1933,16
1932,16
1935,14
1938,16
1936,16
1937,17
1939,18
1940,16
1944,16
1942,18
1941,19
1943,18
1945,14
1948,15
1949,16
1947,18
1946,18
1950,14
1952,15
1954,15
1953,16
1951,17
1959,14
1958,15
1955,16
1956,16
1957,19
1960,13
1962,14
1963,15
1964,16
1961,16
1965,14
1967,16
1968,15
1966,17
1969,16
1970,19
1973,25
1974,27
1972,29
1971,29
1975,14
1977,14
1976,15
1978,16
1979,16
1984,15
1980,15
1981,15
1983,18
1982,19
1985,13
1988,15
1986,16
1987,17
1989,20
1990,14
1993,15
1994,16
1991,16
1992,16
1995,14
1997,17
1999,17
1998,18
1996,18
2000,14
2002,16
2004,15
2001,17
2003,17
2005,20
2008,19
2009,20
2007,21
2006,22
2010,13
2013,14
2014,15
2012,15
2011,16
2015,14
2019,15
2017,15
2016,27
2018,27
2020,16
2023,16
2024,16
2021,18
2022,18
2025,18
2027,19
2026,21
2028,22
2029,23
2030,13
2031,16
2033,16
2034,17
2032,17
2035,13
2037,15
2036,15
2039,15
2038,15
2040,14
2041,15
2042,16
2044,15
2043,16
2048,26
2045,27
2046,27
2047,27
2049,27
2050,14
2052,16
2053,17
2054,17
2051,18
2055,13
2056,16
2058,17
2059,17
2057,17
2060,16
2061,16
2062,17
2063,18
2064,18
2065,17
2068,18
2067,19
2069,18
2066,19
2073,16
2070,17
2072,19
2071,19
2074,20
2075,14
2078,15
2076,15
2079,18
2077,19
2082,15
2084,17
2080,17
2083,18
2081,19
2088,13
2085,14
2089,16
2086,17
2087,17
2090,13
2093,16
2094,16
2091,16
2092,17
2095,14
2097,15
2099,16
2096,16
2098,17
2100,26
2103,30
2104,30
2102,31
2101,31
2105,20
2107,23
2109,24
2108,24
2106,24
2110,14
2112,14
2113,15
2111,16
2114,16
2115,13
2116,15
2118,16
2119,16
2117,16
2120,14
2123,14
2121,15
2122,15
2124,16
2125,13
2128,14
2126,15
2127,16
2129,17
2130,14
2131,17
2133,18
2132,18
2134,18
2135,13
2139,15
2136,15
2138,16
2137,16
2143,13
2141,15
2144,16
2142,16
2140,18
2145,14
2148,15
2149,16
2146,17
2147,17
2150,14
2152,17
2153,18
2154,18
2151,18
2155,15
2156,18
2158,18
2157,18
2159,18
2160,15
2162,17
2164,17
2163,18
2161,18
2165,14
2169,17
2166,17
2167,18
2168,18
2173,12
2171,16
2172,16
2170,17
2174,16
2175,14
2178,14
2176,16
2179,15
2177,16
2180,15
2182,19
2184,20
2181,21
2183,21
2188,14
2189,15
2187,15
2185,16
2186,17
2191,15
2193,19
2190,21
2192,20
2194,21
2195,14
2198,15
2196,16
2197,16
2199,16
2200,13
2204,15
2203,15
2201,16
2202,16
2205,15
2209,15
2208,16
2207,18
2206,19
2210,13
2212,14
2214,15
2211,16
2213,16
2218,15
2219,36
2216,36
2215,38
2217,37
2220,24
2224,23
2223,23
2221,25
2222,28
2228,14
2225,18
2226,19
2229,19
2227,19
2230,15
2231,18
2234,18
2233,19
2232,19
2235,15
2237,15
2236,17
2238,17
2239,17
2240,14
2243,19
2241,20
2242,21
2244,21
2248,25
2247,25
2246,25
2245,26
2249,25
2253,15
2252,17
2251,18
2250,18
2254,18
2258,13
2257,17
2256,17
2255,18
2259,18
2260,14
2261,14
2263,15
2264,15
2262,16
2265,13
2267,17
2266,18
2269,18
2268,19
2270,17
2271,22
2274,21
2272,23
2273,23
2275,14
2276,17
2279,18
2278,18
2277,18
2280,20
2282,22
2281,22
2283,23
2284,23
2285,14
2288,15
2289,15
2286,17
2287,16
2290,16
2292,17
2294,18
2293,18
2291,20
2295,16
2299,18
2297,19
2296,19
2298,20
2300,13
2304,15
2303,15
2301,18
2302,19
2305,14
2307,16
2306,16
2309,17
2308,17
2310,14
2314,16
2311,17
2312,17
2313,17
2315,14
2317,16
2319,17
2318,18
2316,18
2320,14
2324,15
2322,17
2321,17
2323,17
2327,15
2329,17
2328,19
2325,19
2326,19
2332,16
2330,16
2331,17
2333,18
2334,19
2337,16
2336,17
2338,18
2335,20
2339,20
2340,14
2342,17
2341,19
2344,19
2343,20
2345,13
2346,15
2348,16
2347,16
2349,17
2350,15
2351,18
2352,19
2353,19
2354,18
2355,13
2359,16
2357,16
2358,17
2356,17
2360,14
2361,18
2364,18
2362,18
2363,18
2365,14
2369,15
2368,16
2366,16
2367,17
2370,14
2372,16
2374,16
2373,17
2371,17
2378,14
2375,17
2377,17
2376,18
2379,18
2382,15
2381,16
2380,17
2384,19
2383,19
2385,15
2387,16
2388,19
2386,21
2389,21
2390,14
2392,14
2393,15
2391,15
2394,16
2395,14
2398,19
2396,19
2399,19
2397,20
2400,14
2403,15
2404,17
2401,17
2402,17
2405,15
2409,16
2406,17
2407,17
2408,18
2410,19
2413,19
2411,20
2412,20
2414,20
2415,14
2417,15
2416,15
2418,15
2419,17
2420,13
2422,16
2424,17
2421,17
2423,17
2428,14
2427,16
2426,17
2429,17
2425,18
2430,15
2433,16
2431,16
2432,17
2434,17
2435,13
2439,15
2438,16
2437,16
2436,17
2440,13
2441,17
2443,17
2444,18
2442,18
2448,13
2445,14
2447,18
2449,17
2446,19
2453,21
2450,21
2454,21
2452,23
2451,23
2455,13
2458,14
2459,14
2456,14
2457,15
2460,15
2462,17
2463,18
2461,19
2464,19
2468,13
2466,15
2467,16
2469,18
2465,19
2470,14
2473,17
2471,17
2474,16
2472,18
2479,19
2475,20
2478,21
2477,21
2476,22
2480,13
2482,14
2481,15
2483,15
2484,16
2487,17
2485,18
2486,18
2488,20
2489,20
2490,13
2492,14
2491,15
2493,16
2494,17
2495,17
2497,20
2498,20
2496,22
2499,21
2500,14
2503,14
2504,15
2502,16
2501,17
2505,14
2506,14
2507,15
2508,15
2509,17
2513,13
2510,14
2512,17
2514,17
2511,20
2515,15
2517,17
2516,18
2518,18
2519,18
2522,20
2521,21
2520,21
2523,22
2524,21
2525,16
2529,15
2528,15
2526,16
2527,17
2530,16
2534,17
2533,18
2531,19
2532,20
2535,14
2539,15
2536,16
2537,17
2538,17
2540,16
2542,18
2541,18
2543,19
2544,20
2545,13
2546,18
2549,19
2548,19
2547,20
2550,15
2554,16
2551,16
2553,17
2552,19
2555,15
2559,16
2556,17
2558,21
2557,23
2562,15
2560,16
2563,16
2564,17
2561,17
2568,14
2567,16
2566,17
2565,18
2569,18
2570,14
2574,17
2573,18
2571,18
2572,18
2578,15
2575,17
2577,18
2576,18
2579,18
2580,13
2584,15
2583,16
2581,16
2582,16
2585,15
2589,16
2586,17
2587,17
2588,18
2593,13
2591,14
2592,15
2594,15
2590,16
2598,28
2597,28
2596,35
2595,36
2599,36
2600,14
2602,16
2603,16
2604,16
2601,17
2605,13
2606,16
2609,17
2608,19
2607,20
2610,14
2612,16
2611,16
2614,17
2613,17
2615,17
2619,17
2617,18
2616,20
2618,21
2622,17
2620,17
2624,18
2623,20
2621,20
2629,13
2626,15
2625,15
2628,16
2627,17
2630,15
2632,15
2633,16
2631,19
2634,18
2638,15
2637,17
2635,17
2636,17
2639,18
2640,13
2643,14
2642,15
2641,16
2644,17
2648,22
2645,34
2646,34
2649,34
2647,35
2650,16
2654,18
2653,19
2652,20
2651,20
2655,15
2659,18
2657,20
2656,21
2658,20
2660,16
2662,17
2661,17
2663,18
2664,18
2665,14
2668,17
2666,17
2667,17
2669,18
2670,14
2673,15
2672,17
2671,17
2674,18
2675,14
2677,15
2676,16
2678,17
2679,17
2683,14
2680,16
2684,17
2681,17
2682,18
2687,25
2685,26
2688,26
2686,26
2689,28
2692,15
2694,16
2691,19
2693,21
2690,21
2695,16
2699,16
2698,18
2696,19
2697,19
2701,27
2702,27
2700,28
2703,27
2704,27
2706,16
2708,17
2705,18
2709,20
2707,21
2710,17
2713,18
2714,21
2711,22
2712,23
2718,25
2717,25
2716,26
2719,28
2715,29
2723,13
2724,14
2720,15
2721,18
2722,18
2728,13
2729,14
2726,15
2727,19
2725,20
2730,15
2732,16
2734,17
2731,17
2733,18
2735,13
2736,15
2737,15
2738,16
2739,16
2740,14
2743,16
2742,16
2744,18
2741,19
2745,13
2746,15
2748,14
2747,15
2749,15
2750,13
2752,15
2751,16
2753,18
2754,19
2758,13
2757,14
2755,15
2756,16
2759,16
2760,13
2762,15
2761,16
2763,16
2764,17
2765,15
2768,16
2769,17
2767,17
2766,18
2770,13
2771,15
2773,15
2774,16
2772,16
2778,13
2775,16
2779,16
2776,18
2777,17
2780,13
2782,14
2783,15
2781,16
2784,16
2785,14
2786,19
2787,19
2788,19
2789,19
2790,14
2792,15
2791,16
2794,17
2793,18
2795,13
2799,14
2796,15
2797,15
2798,16
2800,14
2802,17
2803,17
2801,18
2804,19
2805,13
2808,15
2809,16
2807,16
2806,16
2810,13
2814,16
2813,17
2811,17
2812,17
2817,17
2819,18
2818,20
2815,21
2816,21
2823,14
2820,16
2824,15
2822,17
2821,17
2828,13
2825,16
2829,16
2827,18
2826,19
2832,15
2831,16
2834,16
2830,17
2833,17
2836,16
2838,17
2837,18
2839,21
2835,22
2840,14
2841,19
2843,19
2842,20
2844,19
2848,21
2845,22
2847,23
2846,23
2849,26
2853,18
2854,18
2850,20
2852,19
2851,20
2855,13
2857,15
2856,16
2859,17
2858,17
2860,17
2862,20
2863,21
2864,21
2861,21
2865,14
2868,14
2867,17
2866,18
2869,17
2870,14
2873,17
2872,18
2874,19
2871,20
2878,14
2876,18
2875,18
2879,18
2877,20
2880,15
2882,16
2881,16
2884,16
2883,17
2887,14
2888,16
2889,18
2885,20
2886,20
2890,22
2893,22
2891,24
2892,23
2894,24
2895,14
2896,15
2897,15
2899,16
2898,17
2900,16
2904,17
2903,17
2901,18
2902,19
2905,16
2907,16
2909,17
2908,17
2906,17
2910,14
2911,17
2913,17
2912,18
2914,17
2915,15
2919,15
2917,16
2916,16
2918,17
2920,14
2924,15
2923,16
2922,17
2921,18
2925,14
2928,16
2927,17
2926,18
2929,18
2930,13
2931,16
2934,15
2933,16
2932,17
2935,14
2939,17
2936,19
2937,18
2938,19
2940,14
2944,16
2942,18
2943,19
2941,19
2945,16
2947,18
2948,19
2946,19
2949,19
2950,17
2951,18
2954,21
2952,23
2953,22
2958,14
2959,16
2955,17
2957,18
2956,18
2961,17
2960,17
2962,18
2963,20
2964,21
2965,16
2968,17
2966,17
2967,18
2969,18
2974,16
2971,17
2972,17
2973,17
2970,18
2975,18
2976,20
2979,21
2977,22
2978,22
2980,14
2982,15
2984,15
2983,16
2981,16
2988,13
2986,17
2989,17
2985,18
2987,19
2990,15
2991,16
2994,15
2992,17
2993,17
2995,15
2998,18
2997,19
2996,19
2999,19
3000,14
3004,16
3001,17
3002,18
3003,18
3005,14
3008,15
3007,15
3006,16
3009,16
3010,17
3011,17
3013,18
3012,19
3014,18
3015,14
3016,16
3019,16
3017,18
3018,18
3020,21
3023,21
3024,26
3022,26
3021,26
3025,15
3027,18
3029,18
3028,19
3026,19
3033,14
3034,16
3030,18
3032,17
3031,17
3035,15
3039,16
3036,17
3038,21
3037,22
3040,14
3042,16
3043,17
3041,18
3044,18
3045,18
3047,21
3046,21
3049,22
3048,22
3050,17
3054,17
3051,18
3053,19
3052,20
3055,14
3057,17
3058,18
3056,18
3059,19
3060,14
3061,16
3062,18
3064,19
3063,19
3069,16
3065,18
3066,22
3067,23
3068,23
3070,16
3072,20
3071,21
3073,21
3074,22
3079,16
3075,17
3077,18
3076,19
3078,19
3080,15
3082,15
3081,17
3084,16
3083,17
3089,15
3088,18
3087,19
3086,19
3085,20
3093,15
3094,17
3092,18
3090,18
3091,19
3095,20
3096,23
3098,23
3097,24
3099,27
3103,16
3102,17
3104,19
3100,20
3101,21
3105,15
3106,16
3108,16
3109,17
3107,18
3112,21
3110,22
3111,22
3114,23
3113,25
3115,14
3119,15
3117,15
3118,17
3116,17
3124,22
3122,22
3121,24
3120,25
3123,24
3125,14
3126,18
3129,19
3128,19
3127,20
3130,15
3131,15
3134,16
3132,17
3133,17
3135,17
3136,17
3138,18
3137,18
3139,19
3143,14
3140,15
3142,15
3141,16
3144,15
3145,15
3147,16
3149,16
3148,17
3146,21
3150,17
3152,18
3151,18
3153,19
3154,19
3158,14
3157,16
3155,18
3156,17
3159,17
3160,14
3164,15
3163,15
3161,17
3162,17
3165,17
3169,16
3166,17
3168,18
3167,19
3173,16
3170,19
3171,19
3174,21
3172,21
3175,13
3177,15
3178,15
3179,16
3176,17
3180,13
3183,14
3182,15
3184,16
3181,17
3185,14
3189,16
3188,18
3187,18
3186,18
3190,15
3193,16
3192,18
3191,18
3194,19
3198,15
3195,16
3196,17
3197,18
3199,18
3200,15
3201,15
3203,14
3204,17
3202,18
3205,14
3209,16
3208,18
3207,18
3206,19
3210,13
3214,19
3212,19
3211,20
3213,20
3215,23
3218,23
3219,25
3217,26
3216,27
3220,19
3222,20
3223,21
3224,21
3221,22
3225,13
3229,17
3226,17
3227,18
3228,19
3230,13
3234,17
3232,19
3231,19
3233,20
3235,16
3239,17
3238,18
3237,19
3236,19
3240,16
3241,17
3244,19
3243,19
3242,20
3245,24
3246,26
3247,26
3248,27
3249,29
3250,17
3251,18
3254,20
3252,21
3253,21
3255,13
3257,16
3258,16
3256,18
3259,17
3260,15
3264,16
3261,19
3262,19
3263,19
3265,15
3269,16
3266,17
3268,18
3267,18
3272,16
3274,18
3271,19
3270,19
3273,19
3275,14
3278,18
3277,19
3279,18
3276,19
3280,14
3281,17
3284,18
3283,18
3282,18
3285,14
3288,14
3286,15
3287,15
3289,16
3290,14
3293,15
3294,17
3291,17
3292,17
3298,16
3296,17
3295,17
3297,17
3299,17
3300,14
3302,15
3303,16
3304,16
3301,17
3305,14
3309,16
3307,18
3306,19
3308,19
3314,14
3310,16
3312,16
3311,17
3313,17
3318,13
3317,17
3315,18
3316,18
3319,18
3320,15
3323,17
3321,18
3322,18
3324,18
3325,17
3328,14
3327,16
3329,15
3326,18
3330,13
3331,18
3334,19
3332,19
3333,20
3336,14
3335,16
3339,15
3338,18
3337,18
3340,13
3343,15
3342,15
3344,15
3341,18
3345,15
3347,18
3346,19
3348,19
3349,20
3350,14
3352,15
3353,15
3354,16
3351,16
3356,16
3357,17
3355,18
3358,19
3359,21
3360,18
3364,18
3362,21
3363,21
3361,21
3365,14
3366,16
3368,17
3369,17
3367,17
3371,13
3370,16
3373,16
3374,16
3372,19
3375,18
3379,21
3378,23
3376,24
3377,24
3382,19
3384,20
3380,23
3381,23
3383,22
3385,15
3387,16
3389,16
3386,16
3388,17
3390,13
3394,16
3393,17
3391,17
3392,17
3395,14
3398,16
3397,16
3399,17
3396,18
3400,22
3401,24
3404,24
3402,25
3403,25
3405,14
3409,17
3406,18
3408,19
3407,19
3410,14
3413,15
3411,15
3412,16
3414,16
3415,13
3419,15
3418,17
3416,17
3417,18
3420,19
3424,22
3422,22
3421,23
3423,23
3425,15
3428,16
3429,16
3426,17
3427,17
3430,14
3433,16
3432,17
3434,17
3431,17
3435,14
3437,16
3436,16
3439,17
3438,17
3440,14
3441,15
3444,15
3443,16
3442,16
3445,15
3446,17
3447,18
3448,17
3449,18
3452,16
3450,17
3453,17
3454,19
3451,19
3455,17
3457,18
3456,18
3459,19
3458,19
3460,15
3462,14
3464,15
3463,15
3461,16
3465,13
3466,17
3469,17
3468,18
3467,18
3470,15
3473,18
3471,19
3472,19
3474,19
3475,17
3476,18
3479,19
3477,20
3478,20
3480,14
3483,18
3481,18
3484,21
3482,21
3485,16
3486,16
3489,16
3487,17
3488,18
3490,14
3494,17
3492,18
3493,18
3491,19
3495,14
3498,15
3496,17
3497,17
3499,17
3500,14
3503,16
3504,17
3501,17
3502,17
3505,16
3508,17
3509,18
3507,18
3506,18
3510,13
3513,14
3514,15
3512,16
3511,16
3515,14
3519,15
3517,16
3516,17
3518,17
3520,14
3523,15
3521,16
3522,16
3524,16
3528,13
3527,14
3526,15
3525,17
3529,17
3530,12
3531,16
3533,17
3532,17
3534,17
3538,13
3537,14
3539,14
3535,16
3536,16
3540,13
3542,15
3543,17
3544,17
3541,19
3545,13
3549,14
3547,15
3548,15
3546,16
3553,14
3552,16
3550,17
3554,18
3551,18
3555,13
3557,15
3559,16
3558,16
3556,17
3560,13
3561,15
3562,15
3563,15
3564,16
3565,15
3568,18
3567,19
3569,19
3566,23
3570,14
3574,16
3572,17
3573,17
3571,17
3578,15
3577,18
3576,19
3575,19
3579,19
3580,17
3584,17
3583,20
3581,21
3582,21
3585,13
3587,16
3586,17
3589,16
3588,17
3590,14
3591,15
3593,19
3594,20
3592,20
3595,13
3598,14
3597,19
3599,20
3596,20
3600,14
3602,17
3601,17
3603,17
3604,18
3607,15
3606,16
3605,16
3608,17
3609,23
3610,16
3613,16
3614,17
3612,18
3611,18
3615,18
3619,19
3616,21
3617,22
3618,21
3623,15
3624,17
3622,19
3621,20
3620,20
3625,14
3629,16
3626,19
3628,19
3627,19
3630,14
3634,15
3631,16
3633,16
3632,17
3637,16
3638,16
3635,17
3636,17
3639,17
3640,16
3641,17
3643,17
3644,17
3642,18
3648,14
3649,14
3645,16
3647,16
3646,16
3650,15
3653,16
3652,16
3654,17
3651,23
3655,16
3659,17
3657,18
3658,19
3656,21
3663,17
3660,18
3661,18
3662,21
3664,22
3667,17
3665,18
3666,18
3669,20
3668,21
3673,14
3674,20
3670,21
3671,21
3672,21
3679,20
3677,23
3675,25
3676,26
3678,26
3680,15
3682,16
3681,17
3683,17
3684,17
3685,13
3688,16
3686,17
3689,17
3687,17
3691,16
3690,17
3694,17
3692,18
3693,18
3695,15
3699,16
3697,17
3698,17
3696,18
3700,16
3704,18
3703,18
3701,19
3702,19
3708,13
3705,15
3707,15
3706,16
3709,16
3713,15
3712,18
3710,20
3714,19
3711,21
3715,13
3719,16
3718,17
3716,21
3717,34
3720,24
3721,25
3724,25
3722,27
3723,27
3725,16
3728,17
3729,18
3727,19
3726,20
3730,15
3732,15
3731,16
3734,17
3733,17
3735,15
3737,16
3736,18
3738,17
3739,18
3740,15
3743,17
3742,17
3741,19
3744,18
3748,15
3745,16
3747,16
3746,18
3749,18
3750,16
3752,19
3751,20
3753,20
3754,20
3758,13
3755,16
3756,16
3757,17
3759,16
3760,15
3764,17
3762,17
3763,18
3761,18
3766,17
3768,18
3765,19
3769,18
3767,19
3770,13
3771,16
3772,16
3773,17
3774,17
3775,16
3776,17
3778,18
3777,18
3779,18
3780,16
3782,16
3781,18
3783,17
3784,18
3785,21
3789,22
3788,23
3786,25
3787,25
3790,14
3794,16
3792,18
3793,19
3791,19
3795,16
3797,17
3798,18
3799,17
3796,19
3803,22
3800,24
3801,26
3804,27
3802,28
3805,13
3808,15
3807,16
3809,16
3806,16
3810,14
3814,15
3811,19
3812,20
3813,21
3815,14
3817,15
3818,16
3816,16
3819,17
3820,13
3824,15
3822,16
3823,17
3821,18
3825,17
3828,18
3826,20
3827,21
3829,21
3830,14
3831,15
3832,15
3833,16
3834,16
3835,13
3838,16
3836,17
3839,17
3837,18
3840,14
3842,15
3844,15
3841,17
3843,16
3845,15
3848,16
3847,18
3849,18
3846,20
3851,19
3853,19
3850,20
3852,20
3854,20
3855,14
3858,15
3857,16
3856,17
3859,17
3860,13
3864,16
3861,17
3863,18
3862,21
3869,14
3867,17
3868,17
3865,18
3866,18
3873,15
3872,22
3870,25
3874,24
3871,26
3877,15
3875,16
3879,17
3878,17
3876,18
3881,19
3883,20
3880,21
3882,21
3884,22
3885,14
3887,17
3886,17
3889,17
3888,18
3890,15
3894,16
3891,16
3893,17
3892,17
3895,13
3899,16
3898,20
3896,20
3897,20
3900,14
3903,16
3902,16
3904,17
3901,17
3905,14
3906,15
3907,16
3908,16
3909,16
3914,16
3911,17
3912,18
3910,19
3913,18
3915,15
3916,17
3918,17
3919,18
3917,18
3920,24
3924,30
3923,31
3922,31
3921,32
3925,15
3926,17
3928,19
3927,19
3929,20
3930,15
3933,16
3934,17
3932,20
3931,20
3935,16
3938,16
3936,18
3939,17
3937,18
3940,14
3944,16
3943,17
3942,18
3941,18
3945,14
3946,18
3947,18
3948,19
3949,19
3950,14
3953,21
3954,21
3952,22
3951,22
3955,13
3959,15
3957,15
3956,16
3958,16
3963,14
3960,16
3964,16
3961,16
3962,17
3967,15
3965,18
3968,17
3969,18
3966,20
3970,14
3972,21
3973,21
3971,21
3974,21
3975,17
3977,19
3978,20
3976,21
3979,21
3980,18
3981,21
3983,21
3982,22
3984,22
3985,16
3989,15
3988,16
3986,16
3987,16
3990,14
3991,16
3992,17
3994,17
3993,18
3996,15
3995,18
3997,18
3999,18
3998,18
4000,16
4004,17
4002,18
4003,19
4001,19
4005,13
4007,14
4009,15
4006,15
4008,16
4012,18
4014,17
4010,19
4011,19
4013,21
4015,14
4016,17
4017,17
4019,18
4018,18
4022,18
4024,18
4023,19
4020,20
4021,20
4026,17
4028,18
4025,18
4027,18
4029,20
4030,15
4033,23
4034,23
4032,23
4031,24
4038,15
4035,16
4037,17
4036,18
4039,18
4040,14
4043,17
4042,17
4041,17
4044,18
4045,19
4049,20
4047,23
4046,23
4048,21
4053,23
4050,23
4054,25
4052,26
4051,26
4055,15
4057,18
4056,21
4059,22
4058,22
4060,15
4061,18
4062,19
4064,19
4063,20
4068,15
4065,16
4066,17
4067,17
4069,18
4073,13
4074,16
4070,16
4071,21
4072,21
4075,14
4077,16
4078,16
4076,17
4079,17
4080,14
4083,18
4081,19
4082,19
4084,19
4085,16
4088,21
4086,21
4089,22
4087,22
4092,15
4091,15
4093,16
4094,16
4090,17
4095,14
4098,17
4099,18
4097,18
4096,19
4100,19
4102,22
4103,22
4101,23
4104,24
4105,13
4107,17
4109,16
4106,17
4108,17
4110,14
4114,16
4111,18
4113,18
4112,19
4117,17
4119,17
4118,18
4115,19
4116,19
4120,17
4123,18
4122,19
4121,20
4124,20
4129,15
4125,17
4127,17
4128,19
4126,20
4131,26
4134,25
4130,30
4132,30
4133,33
4136,22
4135,24
4138,28
4137,28
4139,29
4141,18
4143,22
4140,22
4144,23
4142,27
4148,22
4146,22
4149,22
4147,23
4145,23
4153,23
4152,24
4151,24
4150,28
4154,28
4155,16
4158,19
4157,20
4159,20
4156,21
4163,14
4164,22
4162,24
4161,24
4160,25
4165,19
4167,22
4169,23
4166,23
4168,24
4170,14
4174,15
4173,16
4171,17
4172,17
4175,15
4177,18
4179,18
4176,19
4178,19
4180,18
4182,18
4184,19
4183,19
4181,20
4185,15
4189,17
4188,18
4186,18
4187,19
4190,14
4193,15
4191,19
4192,20
4194,20
4195,15
4196,17
4197,17
4198,17
4199,18
4203,15
4200,15
4201,17
4204,18
4202,18
4205,15
4208,16
4209,16
4206,18
4207,19
4213,18
4211,18
4210,18
4212,19
4214,21
4215,14
4217,18
4216,19
4218,19
4219,19
4221,25
4224,25
4222,26
4223,26
4220,27
4225,18
4227,21
4226,22
4228,22
4229,22
4230,17
4232,18
4233,19
4231,20
4234,20
4235,13
4237,15
4238,18
4239,18
4236,19
4240,14
4243,18
4244,18
4241,19
4242,19
4246,13
4245,15
4249,15
4247,15
4248,16
4253,15
4251,17
4254,16
4252,18
4250,18
4255,21
4256,22
4257,22
4259,22
4258,23
4260,15
4262,17
4263,18
4264,18
4261,18
4269,21
4265,23
4268,22
4267,28
4266,28
4273,28
4271,28
4272,29
4270,32
4274,32
4275,15
4278,16
4277,18
4279,17
4276,19
4280,14
4284,16
4281,18
4282,19
4283,19
4285,15
4286,17
4287,18
4289,18
4288,18
4290,15
4294,17
4293,18
4291,18
4292,19
4295,13
4297,14
4298,15
4296,16
4299,15
4300,13
4301,16
4303,17
4302,18
4304,18
4309,14
4305,16
4306,16
4308,17
4307,17
4310,14
4314,15
4312,17
4311,19
4313,18
4315,13
4318,15
4316,15
4319,18
4317,19
4320,14
4321,15
4323,15
4324,16
4322,16
4325,13
4327,16
4326,17
4329,16
4328,18
4330,16
4334,18
4331,19
4332,20
4333,20
4336,16
4337,16
4339,18
4335,20
4338,19
4340,14
4344,16
4343,17
4341,18
4342,18
4345,14
4348,15
4347,16
4349,15
4346,17
4350,15
4352,17
4353,17
4351,18
4354,18
4358,17
4355,17
4356,20
4359,21
4357,22
4360,13
4364,17
4362,17
4361,18
4363,18
4368,17
4367,21
4365,21
4369,21
4366,22
4370,15
4371,16
4374,17
4372,18
4373,18
4378,14
4375,16
4379,15
4377,17
4376,17
4383,15
4380,17
4381,17
4384,17
4382,19
4385,14
4389,17
4388,17
4387,18
4386,18
4390,18
4394,21
4393,21
4391,22
4392,22
4395,14
4397,16
4396,16
4399,16
4398,16
4400,16
4402,16
4404,16
4403,17
4401,18
4405,15
4406,16
4409,17
4407,17
4408,18
4413,15
4410,18
4411,20
4414,21
4412,21
4415,13
4419,16
4417,18
4418,18
4416,19
4420,14
4423,16
4421,17
4424,17
4422,18
4427,15
4428,16
4425,16
4429,17
4426,17
4430,15
4431,15
4433,15
4432,16
4434,17
4435,16
4438,16
4437,18
4439,17
4436,18
4440,14
4443,15
4441,16
4444,16
4442,16
4445,15
4448,15
4449,16
4447,17
4446,17
4454,16
4453,18
4451,18
4452,19
4450,19
4455,15
4459,14
4458,15
4457,15
4456,17
4464,16
4463,19
4462,20
4461,20
4460,20
4465,14
4467,17
4469,17
4466,19
4468,19
4473,14
4470,17
4471,18
4474,18
4472,18
4475,14
4479,16
4476,17
4478,17
4477,19
4480,17
4483,19
4484,18
4482,20
4481,20
4488,14
4489,18
4485,19
4486,19
4487,19
4490,13
4491,17
4492,17
4494,18
4493,18
4495,15
4496,16
4497,16
4499,17
4498,17
4503,15
4501,17
4504,17
4500,19
4502,19
4505,14
4507,14
4508,15
4509,15
4506,17
4510,14
4514,15
4512,15
4511,18
4513,18
4515,13
4517,16
4518,17
4516,17
4519,18
4520,13
4522,15
4524,16
4523,16
4521,17
4525,14
4526,17
4527,18
4529,18
4528,18
4530,14
4531,15
4533,15
4534,16
4532,16
4535,14
4536,15
4537,15
4539,16
4538,17
4540,15
4543,14
4542,16
4544,15
4541,17
4545,13
4549,15
4548,16
4546,17
4547,17
4550,14
4552,15
4554,15
4551,17
4553,17
4555,17
4559,29
4556,31
4558,30
4557,30
4560,13
4564,16
4563,17
4561,19
4562,20
4565,15
4566,18
4569,19
4568,19
4567,19
4573,13
4571,15
4574,15
4572,16
4570,16
4576,15
4575,18
4578,18
4577,19
4579,19
4580,15
4584,15
4582,17
4583,17
4581,19
4585,13
4589,16
4586,17
4588,18
4587,18
4590,21
4591,21
4594,20
4593,20
4592,20
4595,14
4596,15
4599,16
4598,16
4597,18
4600,14
4601,17
4604,17
4602,19
4603,18
4605,19
4607,15
4606,20
4609,16
4608,17
4610,13
4611,16
4613,17
4614,17
4612,18
4618,15
4619,15
4616,17
4617,18
4615,18
4622,16
4620,18
4623,18
4624,19
4621,21
4629,27
4627,29
4628,30
4626,30
4625,30
4630,14
4632,15
4633,16
4631,16
4634,17
4638,16
4635,16
4636,18
4637,19
4639,19
4640,15
4641,16
4644,15
4642,18
4643,18
4645,14
4646,17
4648,17
4647,18
4649,18
4650,14
4652,15
4651,16
4654,16
4653,17
4655,13
4657,14
4656,16
4658,16
4659,16
4660,13
4661,16
4663,17
4662,18
4664,18
4665,13
4668,14
4667,15
4666,15
4669,16
4670,13
4671,16
4673,16
4672,17
4674,17
4675,14
4676,16
4678,16
4679,16
4677,17
4680,13
4683,15
4681,15
4682,16
4684,16
4685,13
4686,15
4689,15
4687,18
4688,19
4690,15
4691,16
4693,15
4692,16
4694,16
4698,13
4695,15
4699,16
4696,17
4697,17
4700,14
4702,16
4703,17
4704,17
4701,18
4705,13
4707,14
4709,15
4708,15
4706,16
4713,14
4712,19
4714,19
4711,20
4710,21
4715,13
4717,15
4716,15
4718,17
4719,18
4720,13
4722,16
4723,17
4721,17
4724,18
4725,23
4727,25
4729,25
4726,25
4728,26
4730,17
4731,18
4734,19
4732,19
4733,20
4735,14
4739,18
4737,18
4738,19
4736,19
4740,14
4742,15
4743,15
4741,16
4744,16
4745,15
4748,17
4747,17
4746,18
4749,18
4750,14
4754,15
4753,16
4752,17
4751,18
4755,13
4757,15
4758,16
4759,16
4756,17
4761,15
4764,16
4760,16
4763,17
4762,18
4765,14
4769,16
4766,16
4767,17
4768,17
4770,14
4773,16
4772,17
4774,17
4771,18
4775,14
4778,16
4776,16
4779,17
4777,17
4780,14
4781,15
4782,16
4784,16
4783,16
4785,14
4787,18
4788,19
4786,19
4789,20
4790,14
4791,17
4793,18
4794,17
4792,19
4795,14
4799,16
4796,19
4798,19
4797,20
4800,13
4801,16
4802,17
4803,18
4804,18
4805,14
4807,15
4808,17
4809,17
4806,19
4810,14
4813,16
4811,17
4812,18
4814,18
4818,14
4815,15
4819,15
4817,16
4816,16
4820,14
4822,15
4824,16
4823,17
4821,18
4825,17
4829,17
4828,18
4827,18
4826,21
4830,14
4831,15
4832,16
4834,17
4833,18
4835,14
4839,16
4838,17
4836,18
4837,19
4840,15
4844,15
4843,19
4841,19
4842,20
4848,15
4845,15
4849,17
4847,18
4846,18
4850,14
4854,14
4851,15
4852,16
4853,18
4858,14
4859,15
4857,17
4855,18
4856,18
4860,15
4864,16
4862,16
4861,17
4863,17
4865,14
4866,16
4868,17
4867,17
4869,17
4870,18
4871,19
4874,20
4873,20
4872,21
4875,14
4879,15
4877,16
4878,16
4876,17
4880,14
4883,17
4882,18
4881,18
4884,19
4887,18
4889,19
4888,21
4886,21
4885,22
4892,15
4891,16
4890,17
4894,18
4893,19
4895,14
4898,15
4899,15
4896,17
4897,18
4900,14
4901,15
4903,16
4902,19
4904,20
4908,14
4906,16
4907,16
4905,17
4909,18
4910,14
4912,15
4913,16
4911,16
4914,17
4915,15
4916,16
4919,16
4917,19
4918,19
4920,13
4921,15
4923,15
4924,16
4922,16
4925,14
4926,15
4927,15
4928,16
4929,17
4930,13
4934,15
4933,17
4932,17
4931,18
4937,18
4935,19
4939,19
4936,20
4938,20
4944,17
4940,17
4943,18
4941,21
4942,21
4945,14
4949,15
4946,15
4947,16
4948,16
4950,13
4951,14
4954,15
4953,15
4952,16
4955,13
4956,17
4958,17
4957,18
4959,17
4963,15
4961,16
4962,16
4964,17
4960,18
4965,13
4969,17
4966,18
4967,18
4968,18
4970,15
4971,15
4973,15
4974,16
4972,17
4975,14
4977,15
4979,15
4976,16
4978,17
4980,14
4983,17
4981,17
4982,18
4984,19
4985,18
4988,19
4987,19
4989,20
4986,20
4990,15
4991,16
4994,17
4993,17
4992,18
4995,14
4997,15
4998,16
4999,16
4996,17
5000,13
5001,15
5002,15
5004,15
5003,15
5005,15
5008,17
5007,18
5006,18
5009,19
5010,15
5014,16
5011,16
5012,17
5013,17
5018,13
5016,17
5015,18
5017,17
5019,17
5022,15
5024,16
5023,16
5020,17
5021,17
5028,14
5025,16
5026,16
5029,17
5027,17
5030,13
5032,16
5034,17
5031,18
5033,18
5035,13
5037,15
5038,15
5039,16
5036,16
5043,13
5042,16
5041,17
5044,17
5040,18
5045,14
5048,14
5049,15
5046,17
5047,17
5050,15
5052,17
5054,17
5051,18
5053,18
5056,14
5057,16
5059,17
5055,17
5058,19
5063,14
5060,14
5062,15
5061,16
5064,16
5065,15
5069,18
5068,21
5067,22
5066,23
5070,13
5072,14
5073,15
5071,15
5074,16
5075,13
5076,16
5079,19
5077,20
5078,20
5080,18
5083,20
5084,20
5081,21
5082,21
5085,13
5089,14
5088,14
5087,15
5086,16
5090,22
5091,24
5094,24
5093,25
5092,26
5095,14
5096,14
5097,15
5099,16
5098,16
5100,15
5104,16
5102,16
5101,18
5103,17
5108,12
5105,15
5109,15
5106,15
5107,16
5110,21
5112,20
5114,20
5111,21
5113,22
5116,14
5115,17
5119,18
5118,18
5117,19
5120,22
5121,24
5124,34
5122,34
5123,35
5125,14
5128,15
5126,16
5129,18
5127,19
5130,23
5131,24
5134,25
5133,25
5132,26
5136,13
5139,14
5138,15
5135,16
5137,16
5140,13
5142,17
5144,18
5143,18
5141,18
5147,17
5145,17
5146,18
5149,18
5148,19
5150,16
5152,19
5151,20
5153,21
5154,21
5155,15
5159,15
5156,15
5158,16
5157,16
5160,13
5161,14
5162,15
5164,15
5163,17
5165,33
5167,39
5169,41
5166,43
5168,43
5170,13
5171,15
5174,15
5173,16
5172,17
5175,14
5176,16
5178,17
5177,17
5179,18
5180,13
5183,14
5182,15
5181,15
5184,16
5185,15
5186,16
5188,16
5187,17
5189,17
5191,16
5194,18
5193,18
5190,20
5192,19
5195,14
5197,15
5199,16
5198,16
5196,17
5200,14
5202,18
5201,18
5203,19
5204,19
5208,14
5205,16
5209,17
5206,17
5207,17
5210,13
5213,17
5212,18
5214,18
5211,19
5215,13
5217,15
5219,16
5218,17
5216,17
5220,15
5223,15
5221,15
5224,18
5222,19
5228,16
5225,17
5229,18
5226,18
5227,19
5230,18
5231,20
5233,21
5234,21
5232,21
5235,14
5237,16
5239,17
5236,17
5238,18
5240,13
5242,14
5243,15
5241,16
5244,16
5245,16
5246,17
5248,18
5249,19
5247,19
5253,14
5250,17
5252,18
5251,18
5254,18
5255,13
5259,16
5258,17
5257,18
5256,18
5260,14
5261,18
5264,17
5263,20
5262,20
5265,14
5269,14
5267,15
5266,16
5268,16
5270,14
5272,17
5273,17
5274,18
5271,18
5275,14
5279,16
5277,16
5278,17
5276,17
5281,14
5284,15
5283,16
5282,16
5280,17
5285,14
5288,16
5286,18
5289,17
5287,19
5290,13
5294,15
5293,15
5292,16
5291,16
5295,13
5297,16
5298,19
5296,19
5299,19
5300,19
5303,24
5301,24
5304,24
5302,25
5305,17
5307,20
5309,21
5306,22
5308,22
5310,13
5313,16
5311,17
5314,17
5312,17
5315,13
5317,14
5319,15
5316,16
5318,16
5323,16
5322,20
5321,21
5320,21
5324,20
5325,13
5327,15
5329,16
5326,16
5328,17
5330,14
5334,15
5332,15
5333,16
5331,16
5335,14
5336,20
5339,21
5338,21
5337,22
5343,15
5340,16
5341,18
5342,18
5344,19
5345,13
5348,17
5346,17
5349,18
5347,18
5350,15
5352,14
5354,15
5353,16
5351,16
5355,14
5358,14
5356,16
5357,16
5359,16
5360,16
5361,18
5363,18
5362,19
5364,19
5368,14
5369,15
5366,16
5367,16
5365,17
5373,13
5370,17
5371,18
5372,18
5374,17
5375,17
5377,17
5376,18
5378,18
5379,19
5380,14
5383,16
5384,16
5382,17
5381,17
5388,14
5389,17
5386,17
5387,19
5385,20
5393,13
5390,14
5394,15
5392,15
5391,16
5395,13
5399,17
5397,17
5398,17
5396,18
5400,19
5404,21
5401,22
5402,23
5403,23
5405,15
5409,17
5406,19
5407,19
5408,19
5410,15
5413,15
5412,15
5414,16
5411,16
5415,15
5417,15
5419,18
5416,18
5418,19
5420,14
5421,16
5424,17
5423,18
5422,18
5425,14
5429,14
5426,16
5428,16
5427,17
5434,17
5430,19
5433,20
5431,21
5432,21
5437,16
5435,17
5438,19
5436,20
5439,19
5440,14
5443,17
5444,17
5442,18
5441,18
5445,18
5448,17
5446,19
5447,20
5449,20
5453,13
5451,14
5450,16
5454,16
5452,16
5458,13
5456,16
5459,17
5457,18
5455,18
5460,14
5462,14
5463,16
5464,16
5461,17
5465,13
5466,15
5469,15
5467,16
5468,16
5470,14
5471,15
5473,16
5472,16
5474,17
5475,13
5478,14
5476,15
5479,16
5477,16
5480,13
5481,17
5482,17
5484,18
5483,18
5488,13
5487,15
5486,15
5489,16
5485,16
5493,13
5492,13
5491,15
5490,16
5494,15
5496,14
5498,17
5495,19
5497,18
5499,18
5500,18
5501,19
5503,20
5504,20
5502,21
5505,13
5507,17
5506,17
5509,18
5508,18
5510,13
5511,14
5512,15
5513,15
5514,16
5515,13
5518,15
5516,15
5517,16
5519,15
5520,13
5521,16
5522,17
5523,16
5524,17
5525,13
5529,14
5527,15
5528,15
5526,16
5530,14
5534,15
5533,16
5532,16
5531,16
5535,13
5537,15
5536,16
5538,16
5539,17
5540,15
5543,16
5544,16
5542,17
5541,17
5549,19
5545,21
5547,22
5546,23
5548,23
5552,16
5553,17
5551,37
5550,37
5554,37
5558,18
5557,21
5555,22
5559,21
5556,23
5564,21
5562,22
5563,23
5560,26
5561,27
5565,18
5568,20
5566,21
5567,22
5569,22
5570,14
5574,16
5571,17
5572,17
5573,20
5577,16
5578,16
5575,17
5579,17
5576,19
5582,14
5584,16
5583,17
5580,17
5581,19
5585,13
5588,15
5587,16
5586,16
5589,17
5590,13
5594,16
5591,17
5593,17
5592,17
5595,14
5597,15
5598,15
5596,17
5599,16
5604,14
5600,16
5603,16
5602,16
5601,17
5608,14
5605,14
5607,17
5606,18
5609,18
5610,14
5611,15
5614,14
5612,16
5613,16
5615,14
5619,14
5618,15
5617,16
5616,21
5620,13
5623,14
5621,15
5622,16
5624,16
5625,14
5628,13
5629,14
5626,16
5627,16
5630,15
5632,16
5634,16
5631,17
5633,18
5635,13
5638,14
5636,16
5639,15
5637,17
5640,13
5642,16
5644,17
5643,17
5641,18
5645,13
5646,15
5648,15
5647,16
5649,16
5653,13
5652,14
5654,16
5651,17
5650,18
5655,13
5658,15
5659,16
5656,16
5657,17
5660,14
5663,15
5662,16
5664,15
5661,19
5665,13
5669,14
5667,16
5668,17
5666,17
5670,13
5671,16
5672,16
5674,16
5673,17
5677,23
5678,24
5679,24
5676,26
5675,27
5680,14
5684,16
5682,16
5681,17
5683,17
5685,18
5686,19
5689,20
5688,20
5687,20
5690,13
5691,16
5692,16
5693,17
5694,17
5695,13
5698,14
5699,15
5696,15
5697,16
5700,14
5703,16
5701,16
5702,17
5704,17
5705,26
5708,27
5707,29
5709,29
5706,30
5710,15
5711,15
5713,16
5714,17
5712,17
5715,17
5717,20
5718,21
5719,21
5716,21
5720,15
5721,16
5722,16
5723,17
5724,17
5725,14
5728,14
5726,15
5729,15
5727,17
5730,16
5732,15
5733,16
5731,17
5734,17
5735,15
5737,16
5738,16
5736,17
5739,17
5740,14
5741,15
5743,16
5744,17
5742,18
5745,13
5747,15
5748,15
5746,16
5749,17
5750,14
5753,15
5754,19
5751,20
5752,20
5755,14
5757,16
5759,16
5756,17
5758,17
5760,14
5763,15
5764,15
5762,16
5761,16
5765,15
5768,17
5766,17
5769,18
5767,18
5770,14
5772,14
5771,17
5773,16
5774,17
5775,14
5776,16
5778,17
5779,17
5777,18
5780,14
5782,15
5783,16
5781,17
5784,18
5785,15
5789,15
5786,16
5788,16
5787,16
5790,13
5792,15
5791,16
5794,17
5793,17
5795,14
5798,15
5796,16
5799,16
5797,17
5800,15
5801,16
5802,17
5804,17
5803,18
5805,18
5808,19
5807,20
5809,20
5806,21
5813,16
5810,18
5812,19
5814,19
5811,22
5815,15
5816,16
5818,16
5817,17
5819,17
5820,14
5824,16
5821,16
5823,17
5822,17
5825,14
5829,15
5826,17
5828,16
5827,17
5833,24
5830,26
5831,26
5832,27
5834,27
5837,18
5835,19
5839,19
5836,19
5838,20
5840,14
5841,16
5844,16
5842,18
5843,17
5848,13
5849,14
5845,16
5847,16
5846,16
5850,14
5854,16
5851,17
5852,17
5853,18
5855,14
5857,15
5856,15
5859,17
5858,17
5860,14
5861,16
5863,15
5864,16
5862,16
5865,14
5868,15
5869,16
5866,17
5867,18
5870,13
5871,15
5873,15
5872,16
5874,16
5875,25
5876,28
5877,33
5878,34
5879,34
5880,14
5881,15
5882,16
5884,17
5883,17
5885,14
5887,15
5888,16
5889,16
5886,17
5890,16
5891,17
5893,18
5892,18
5894,19
5895,15
5896,15
5898,15
5899,16
5897,16
5900,13
5904,16
5902,18
5903,19
5901,19
5905,13
5906,15
5908,15
5909,16
5907,17
5910,25
5914,26
5913,27
5911,28
5912,29
5915,14
5919,14
5917,15
5918,16
5916,16
5923,14
5921,15
5924,15
5920,17
5922,17
5925,15
5926,17
5927,17
5928,23
5929,23
5930,16
5931,18
5933,17
5934,20
5932,20
5937,17
5939,18
5935,22
5936,21
5938,23
5940,14
5943,15
5942,17
5941,18
5944,18
5945,14
5946,15
5948,16
5949,16
5947,16
5950,14
5952,15
5953,15
5951,17
5954,16
5956,15
5957,17
5958,17
5959,18
5955,18
5960,14
5962,16
5964,17
5963,18
5961,18
5965,15
5968,15
5966,17
5969,16
5967,17
5972,15
5971,16
5970,17
5973,17
5974,19
5975,14
5976,16
5979,16
5978,17
5977,17
5980,14
5984,15
5982,15
5981,16
5983,16
5985,16
5989,19
5987,19
5988,20
5986,20
5990,13
5994,14
5993,15
5991,16
5992,17
5995,14
5999,16
5998,17
5997,17
5996,18
6000,14
6001,15
6002,16
6004,17
6003,17
6005,14
6009,15
6007,15
6006,16
6008,16
6010,14
6014,15
6012,16
6013,17
6011,17
6015,14
6018,15
6016,17
6019,18
6017,20
6020,19
6022,20
6023,21
6024,21
6021,23
6025,17
6027,19
6026,20
6029,20
6028,20
6030,14
6032,15
6034,17
6033,18
6031,18
6035,15
6039,18
6036,19
6037,19
6038,19
6040,13
6042,15
6041,16
6043,17
6044,17
6045,13
6047,16
6048,17
6046,17
6049,18
6050,13
6051,15
6054,16
6052,16
6053,17
6055,13
6059,14
6058,15
6056,16
6057,16
6062,16
6060,18
6061,17
6064,18
6063,18
6065,14
6068,16
6067,17
6069,17
6066,17
6070,14
6072,16
6071,17
6074,18
6073,18
6075,14
6078,16
6077,17
6076,17
6079,17
6080,15
6084,17
6082,17
6081,18
6083,18
6085,20
6089,20
6087,20
6086,20
6088,20
6090,13
6093,15
6092,15
6091,16
6094,16
6095,14
6099,16
6096,17
6098,17
6097,18
6103,19
6104,27
6102,29
6100,29
6101,29
6105,13
6106,15
6107,16
6109,16
6108,17
6110,15
6114,18
6111,20
6113,21
6112,21
6115,15
6119,17
6117,18
6116,18
6118,18
6123,13
6124,16
6120,18
6122,18
6121,18
6125,15
6126,18
6128,18
6127,18
6129,18
6130,13
6134,16
6131,17
6132,17
6133,17
6135,22
6139,22
6137,23
6136,24
6138,23
6140,13
6141,16
6144,15
6142,17
6143,17
6145,16
6149,17
6148,18
6146,18
6147,19
6150,14
6153,16
6152,16
6154,17
6151,17
6155,15
6158,15
6159,16
6157,16
6156,17
6160,13
6161,15
6164,15
6162,16
6163,16
6165,17
6166,18
6168,19
6169,19
6167,20
6170,14
6173,16
6172,19
6171,20
6174,19
6175,14
6177,16
6176,17
6178,16
6179,18
6183,14
6180,17
6182,19
6181,19
6184,20
6185,14
6189,16
6188,18
6187,19
6186,19
6192,16
6193,19
6194,20
6191,20
6190,20
6195,18
6199,20
6197,22
6196,23
6198,22
6203,14
6202,16
6200,17
6201,17
6204,17
6205,15
6206,16
6209,17
6208,17
6207,18
6210,14
6213,15
6212,16
6214,16
6211,17
6215,14
6219,14
6217,15
6216,15
6218,16
6220,17
6222,21
6221,22
6223,22
6224,23
6228,14
6225,16
6226,17
6229,18
6227,18
6230,14
6231,15
6234,17
6232,19
6233,20
6235,13
6239,15
6236,15
6237,16
6238,17
6240,13
6242,16
6243,17
6241,17
6244,17
6249,15
6245,16
6248,16
6247,17
6246,18
6253,13
6252,15
6254,16
6251,16
6250,17
6255,19
6256,22
6257,24
6258,23
6259,24
6263,14
6264,15
6261,16
6262,16
6260,17
6265,14
6266,17
6268,17
6267,18
6269,18
6270,14
6273,17
6271,17
6272,18
6274,18
6277,14
6276,16
6275,16
6279,17
6278,17
6280,14
6281,18
6283,19
6284,20
6282,20
6285,13
6288,15
6289,16
6287,16
6286,17
6290,14
6294,17
6293,18
6291,18
6292,18
6295,13
6298,15
6297,16
6296,17
6299,17
6300,13
6303,15
6302,16
6301,16
6304,16
6305,13
6306,17
6307,18
6308,18
6309,19
6310,13
6313,15
6311,15
6314,16
6312,16
6315,14
6317,16
6319,16
6316,17
6318,17
6320,14
6324,15
6323,16
6322,16
6321,17
6325,14
6328,16
6329,17
6327,17
6326,18
6330,14
6334,16
6332,16
6331,17
6333,17
6335,14
6337,14
6338,15
6339,15
6336,16
6340,14
6342,17
6344,17
6341,18
6343,18
6345,13
6349,15
6347,16
6346,16
6348,17
6350,13
6352,15
6351,15
6354,16
6353,16
6355,14
6356,18
6359,19
6358,19
6357,20
6360,13
6364,15
6362,16
6361,17
6363,16
6365,13
6367,17
6366,18
6368,18
6369,19
6370,15
6371,16
6372,16
6373,18
6374,19
6375,33
6376,35
6379,37
6378,37
6377,38
6383,15
6382,17
6380,17
6384,18
6381,18
6385,14
6387,14
6386,15
6389,15
6388,16
6390,13
6394,16
6391,17
6393,17
6392,17
6395,14
6399,14
6398,15
6397,15
6396,16
6400,14
6402,15
6401,15
6403,16
6404,17
6405,17
6408,18
6409,19
6406,19
6407,20
6410,13
6411,15
6412,15
6414,16
6413,16
6415,14
6416,15
6419,15
6417,16
6418,17
6420,13
6424,14
6421,15
6423,16
6422,16
6428,14
6426,16
6429,17
6425,18
6427,17
6430,14
6431,15
6434,15
6432,17
6433,16
6435,13
6439,16
6436,16
6437,17
6438,17
6440,13
6441,17
6443,17
6442,18
6444,18
6445,13
6447,14
6446,14
6448,15
6449,15
6450,13
6453,15
6451,16
6452,16
6454,17
6455,15
6456,16
6459,16
6457,17
6458,18
6460,13
6462,13
6461,14
6464,14
6463,15
6468,13
6467,18
6466,19
6469,19
6465,19
6470,15
6472,14
6474,16
6471,17
6473,17
6475,13
6478,15
6477,16
6476,17
6479,17
6484,18
6483,19
6480,19
6482,20
6481,20
6487,13
6485,16
6488,15
6489,16
6486,16
6490,22
6491,23
6493,32
6492,32
6494,34
6498,13
6495,14
6496,15
6499,16
6497,16
6500,14
6502,16
6504,17
6503,17
6501,18
6505,13
6509,16
6507,16
6508,17
6506,17
6513,14
6514,14
6512,15
6510,16
6511,16
6515,15
6519,17
6516,19
6518,18
6517,19
6520,19
6524,20
6521,21
6523,21
6522,22
6525,13
6526,17
6527,18
6528,18
6529,19
6530,14
6533,15
6532,16
6534,17
6531,17
6535,14
6538,14
6537,15
6539,15
6536,17
6540,14
6544,15
6542,16
6543,18
6541,19
6545,15
6549,16
6547,16
6548,17
6546,17
6550,14
6553,16
6552,16
6554,18
6551,19
6555,15
6556,16
6557,17
6559,18
6558,19
6560,13
6563,15
6562,15
6564,16
6561,16
6565,14
6569,15
6566,16
6568,16
6567,17
6570,13
6571,16
6572,17
6574,17
6573,18
6578,18
6577,21
6579,22
6576,22
6575,22
6580,14
6582,15
6584,16
6583,16
6581,17
6585,14
6588,15
6589,15
6587,16
6586,19
6593,15
6590,15
6594,17
6592,19
6591,19
6598,13
6599,15
6597,16
6596,17
6595,18
6600,14
6601,19
6604,19
6603,20
6602,20
6605,13
6606,14
6608,14
6609,15
6607,17
6610,15
6614,17
6613,18
6611,18
6612,19
6615,14
6616,16
6618,16
6617,17
6619,17
6620,14
6621,15
6623,16
6622,18
6624,18
6625,14
6626,16
6627,17
6629,18
6628,18
6630,14
6632,15
6634,15
6631,16
6633,17
6635,20
6637,23
6638,24
6639,24
6636,24
6640,13
6641,16
6642,16
6643,17
6644,17
6648,15
6645,16
6646,19
6647,20
6649,19
6650,15
6652,17
6654,17
6653,17
6651,19
6655,16
6656,16
6657,19
6659,19
6658,20
6660,17
6662,20
6663,20
6664,21
6661,21
6669,13
6667,18
6665,19
6668,20
6666,20
6670,14
6673,16
6672,16
6671,17
6674,17
6675,17
6679,16
6676,19
6678,19
6677,21
6680,13
6684,15
6681,15
6682,16
6683,16
6685,14
6687,14
6689,17
6688,18
6686,20
6690,14
6691,16
6693,16
6692,17
6694,18
6695,13
6699,15
6698,16
6696,16
6697,16
6703,14
6700,17
6704,16
6702,17
6701,18
6705,15
6708,16
6709,17
6706,17
6707,17
6710,14
6713,20
6711,22
6712,21
6714,22
6715,13
6717,15
6716,15
6718,16
6719,16
6720,13
6721,15
6723,15
6724,16
6722,16
6725,14
6728,16
6726,17
6729,17
6727,18
6730,13
6732,14
6733,14
6734,15
6731,16
6735,13
6739,17
6736,18
6738,18
6737,19
6743,13
6744,15
6742,15
6741,16
6740,17
6745,13
6747,17
6749,18
6748,18
6746,18
6750,12
6753,15
6754,15
6752,16
6751,16
6758,20
6759,21
6755,22
6756,22
6757,23
6760,14
6761,16
6764,17
6763,18
6762,18
6765,14
6767,15
6766,16
6769,15
6768,17
6770,14
6773,16
6774,17
6771,17
6772,17
6775,13
6777,15
6778,16
6779,18
6776,19
6780,13
6784,14
6781,15
6782,16
6783,16
6788,16
6785,16
6786,17
6789,18
6787,18
6790,15
6794,15
6792,16
6791,16
6793,17
6795,14
6796,16
6797,17
6798,18
6799,17
6800,13
6801,16
6804,17
6802,17
6803,18
6805,13
6806,15
6807,15
6809,16
6808,16
6810,14
6811,16
6812,17
6813,18
6814,18
6815,14
6817,14
6816,16
6818,16
6819,16
6822,13
6821,16
6824,17
6820,18
6823,18
6825,14
6827,16
6829,15
6826,18
6828,18
6830,13
6834,15
6832,15
6831,16
6833,16
6835,13
6836,16
6837,16
6839,17
6838,17
6840,14
6842,14
6843,15
6844,15
6841,17
6845,13
6849,15
6847,16
6846,16
6848,17
6850,14
6852,16
6853,16
6854,16
6851,17
6855,15
6856,14
6859,15
6857,15
6858,16
6860,14
6862,15
6861,16
6864,15
6863,17
6865,13
6867,15
6869,15
6866,16
6868,16
6870,13
6873,15
6871,16
6872,17
6874,16
6875,19
6877,21
6876,23
6879,24
6878,24
6880,15
6882,16
6883,16
6881,19
6884,20
6885,15
6888,16
6889,17
6886,18
6887,19
6890,13
6892,14
6891,15
6893,16
6894,16
6898,24
6895,24
6897,25
6896,26
6899,26
6900,13
6901,16
6904,16
6902,17
6903,17
6908,12
6909,14
6905,16
6906,17
6907,17
6910,14
6913,16
6911,17
6914,18
6912,18
6915,14
6917,16
6919,16
6916,17
6918,17
6922,16
6920,18
6921,18
6923,18
6924,20
6925,13
6927,15
6928,15
6929,15
6926,17
6930,14
6933,16
6931,16
6932,17
6934,17
6935,14
6938,15
6936,16
6939,17
6937,17
6943,13
6941,14
6944,15
6940,17
6942,16
6945,14
6948,15
6947,16
6946,17
6949,18
6950,20
6953,20
6952,21
6951,22
6954,22
6958,13
6956,16
6957,17
6959,17
6955,18
6960,14
6964,15
6962,16
6963,17
6961,17
6968,13
6965,15
6969,15
6966,16
6967,17
6971,63
6974,63
6973,64
6972,67
6970,68
6976,15
6977,16
6979,17
6975,19
6978,20
6981,15
6984,16
6983,18
6982,19
6980,20
6985,25
6989,26
6988,26
6987,35
6986,36
6990,20
6994,24
6991,25
6993,25
6992,26
6995,14
6998,17
6997,18
6996,18
6999,19
7000,14
7001,15
7004,14
7002,15
7003,16
7005,13
7007,15
7006,16
7009,17
7008,18
7010,13
7013,15
7014,16
7012,16
7011,17
7015,14
7016,15
7017,16
7018,17
7019,16
7023,15
7021,17
7024,22
7022,22
7020,22
7025,14
7029,14
7027,16
7026,16
7028,16
7030,16
7033,19
7032,20
7034,21
7031,21
7035,15
7039,16
7037,17
7036,17
7038,18
7040,13
7042,14
7043,15
7041,16
7044,17
7045,13
7048,16
7046,17
7049,17
7047,18
7053,13
7054,15
7051,15
7050,16
7052,17
7055,13
7058,16
7057,16
7056,17
7059,18
7060,14
7063,15
7064,15
7062,16
7061,16
7065,14
7068,15
7069,16
7067,16
7066,16
7070,15
7072,16
7073,17
7071,18
7074,18
7075,14
7078,16
7076,16
7077,19
7079,19
7080,13
7082,15
7084,16
7081,17
7083,17
7088,14
7086,16
7087,16
7085,17
7089,17
7090,13
7093,15
7092,15
7094,16
7091,16
7095,15
7096,16
7099,17
7097,17
7098,18
7100,14
7101,16
7104,16
7102,16
7103,17
7105,14
7106,15
7107,16
7108,17
7109,17
7110,14
7112,15
7113,16
7114,15
7111,17
7115,13
7118,14
7117,15
7116,16
7119,15
7123,13
7121,16
7122,17
7124,17
7120,18
7125,13
7129,14
7128,15
7126,16
7127,17
7130,13
7133,16
7131,17
7132,17
7134,18
7135,13
7137,15
7136,15
7138,16
7139,16
7140,19
7143,19
7141,21
7142,20
7144,21
7146,13
7149,15
7148,16
7147,16
7145,17
7150,18
7151,24
7153,25
7154,25
7152,26
7158,14
7159,16
7157,17
7155,18
7156,19
7160,13
7164,14
7163,15
7162,17
7161,17
7165,14
7168,15
7166,15
7169,16
7167,17
7170,14
7173,16
7174,17
7172,25
7171,26
7175,14
7176,15
7178,15
7179,16
7177,16
7180,14
7183,16
7184,17
7182,18
7181,19
7185,15
7188,16
7187,16
7186,17
7189,17
7190,18
7194,21
7193,22
7191,22
7192,23
7195,16
7196,18
7199,19
7197,19
7198,20
7200,13
7202,15
7203,16
7201,17
7204,17
7205,15
7209,17
7206,18
7207,18
7208,19
7213,15
7211,16
7214,16
7210,17
7212,17
7215,14
7216,17
7217,18
7218,18
7219,18
7220,20
7222,20
7221,22
7223,23
7224,23
7225,13
7226,14
7227,15
7228,16
7229,16
7230,14
7234,16
7232,17
7233,17
7231,19
7235,15
7239,15
7238,16
7237,16
7236,18
7241,13
7240,17
7244,18
7242,18
7243,18
7248,18
7249,20
7246,20
7247,22
7245,23
7252,16
7254,18
7250,19
7251,19
7253,23
7258,15
7257,17
7256,18
7259,17
7255,18
7260,17
7261,18
7264,19
7263,19
7262,20
7265,14
7269,14
7267,18
7266,19
7268,19
7270,13
7273,19
7271,20
7274,20
7272,21
7275,13
7276,14
7278,15
7277,15
7279,16
7284,16
7282,17
7283,18
7281,18
7280,19
7285,13
7286,14
7289,15
7288,15
7287,16
7294,28
7291,32
7293,32
7292,33
7290,34
7295,14
7298,15
7299,16
7297,16
7296,17
7304,14
7300,16
7301,17
7302,16
7303,17
7305,17
7308,18
7306,19
7307,19
7309,20
7313,14
7312,15
7314,16
7311,16
7310,17
7315,13
7319,17
7317,17
7318,18
7316,18
7320,14
7323,14
7324,15
7322,15
7321,16
7326,13
7327,14
7325,15
7329,16
7328,16
7330,14
7332,15
7334,16
7331,16
7333,17
7336,14
7338,13
7335,16
7339,15
7337,17
7340,13
7343,17
7344,18
7341,18
7342,18
7345,13
7348,14
7347,16
7346,17
7349,18
7350,13
7353,16
7352,16
7351,17
7354,17
7355,21
7358,22
7359,23
7356,23
7357,25
7360,13
7362,14
7363,15
7361,15
7364,16
7365,14
7367,15
7368,16
7366,17
7369,17
7374,14
7371,17
7373,18
7372,19
7370,19
7375,13
7377,14
7376,17
7379,17
7378,18
7380,17
7381,19
7383,20
7384,20
7382,21
7385,13
7388,15
7387,15
7389,15
7386,16
7390,13
7392,17
7391,18
7394,18
7393,18
7395,15
7398,16
7399,16
7396,17
7397,17
7400,14
7402,14
7401,15
7404,15
7403,16
7405,13
7409,16
7408,17
7406,17
7407,17
7410,16
7412,18
7413,19
7414,20
7411,20
7418,13
7417,18
7419,19
7416,20
7415,20
7420,18
7423,20
7422,20
7424,21
7421,22
7425,14
7426,14
7429,17
7427,17
7428,18
7430,13
7432,15
7433,16
7434,17
7431,17
7438,13
7435,15
7436,15
7437,15
7439,16
7440,14
7441,18
7443,18
7444,18
7442,20
7445,14
7449,14
7448,15
7446,16
7447,16
7453,17
7452,19
7450,20
7454,19
7451,21
7455,32
7458,33
7457,34
7456,34
7459,36
7460,14
7461,15
7463,16
7462,16
7464,15
7465,14
7466,16
7469,17
7467,17
7468,18
7470,14
7474,14
7473,16
7471,17
7472,17
7475,13
7478,17
7477,17
7476,18
7479,18
7480,14
7484,15
7483,16
7481,16
7482,17
7485,13
7486,15
7488,16
7487,17
7489,17
7490,17
7494,18
7493,19
7492,20
7491,20
7495,15
7497,15
7496,16
7498,17
7499,18
7500,13
7504,16
7502,16
7503,17
7501,17
7505,14
7506,15
7507,16
7508,17
7509,17
7510,14
7512,14
7514,18
7513,19
7511,19
7517,15
7516,18
7515,20
7519,20
7518,21
7520,13
7521,14
7523,15
7522,15
7524,16
7528,14
7526,17
7529,17
7527,18
7525,18
7530,13
7534,16
7531,17
7532,17
7533,18
7535,13
7538,17
7536,18
7539,18
7537,18
7540,14
7543,16
7544,17
7542,18
7541,18
7545,14
7546,16
7547,17
7548,17
7549,17
7550,15
7551,16
7552,17
7554,17
7553,18
7558,13
7555,15
7559,15
7556,16
7557,17
7560,14
7562,16
7564,17
7563,18
7561,18
7565,14
7569,16
7566,17
7567,17
7568,18
7570,15
7573,15
7574,16
7571,16
7572,17
7575,14
7579,15
7577,16
7576,17
7578,18
7580,13
7584,14
7582,16
7581,16
7583,17
7585,16
7587,19
7589,20
7586,21
7588,21
7593,16
7592,17
7590,18
7594,18
7591,19
7598,14
7595,15
7597,15
7599,16
7596,17
7600,16
7601,19
7603,20
7604,20
7602,20
7605,17
7607,17
7606,18
7609,18
7608,19
7612,16
7610,17
7613,17
7611,18
7614,17
7615,14
7616,16
7618,17
7617,17
7619,18
7620,13
7624,15
7623,16
7622,16
7621,18
7625,13
7626,16
7628,16
7627,17
7629,17
7633,14
7630,14
7634,17
7631,17
7632,18
7635,13
7638,16
7639,18
7637,19
7636,19
7640,13
7644,14
7642,15
7641,15
7643,18
7645,13
7648,16
7647,17
7646,17
7649,18
7650,13
7651,15
7653,16
7652,17
7654,18
7658,13
7656,14
7655,15
7657,15
7659,16
7660,14
7664,14
7661,16
7663,15
7662,17
7665,13
7667,14
7669,15
7668,16
7666,16
7670,15
7674,16
7671,17
7673,17
7672,18
7675,13
7677,15
7678,16
7676,17
7679,16
7680,13
7682,15
7681,17
7683,18
7684,19
7689,18
7688,19
7685,19
7686,19
7687,19
7690,13
7692,16
7693,17
7694,17
7691,18
7698,17
7699,18
7696,21
7695,24
7697,24
7700,14
7703,15
7704,16
7701,16
7702,17
7705,13
7706,15
7708,16
7707,16
7709,16
7710,14
7711,16
7713,17
7712,18
7714,18
7715,17
7719,19
7717,19
7716,20
7718,20
7720,13
7723,18
7724,18
7722,19
7721,19
7725,15
7726,18
7729,19
7728,20
7727,20
7730,14
7733,15
7732,16
7731,17
7734,17
7735,13
7737,16
7738,17
7736,17
7739,18
7740,13
7742,15
7743,14
7741,16
7744,16
7745,13
7748,15
7747,17
7749,17
7746,18
7750,15
7752,18
7751,19
7753,19
7754,19
7755,14
7757,15
7759,16
7758,16
7756,17
7760,13
7764,15
7761,17
7763,16
7762,16
7765,13
7767,14
7768,15
7766,16
7769,16
7770,16
7774,15
7773,17
7772,17
7771,18
7775,14
7776,15
7778,16
7777,16
7779,17
7783,17
7780,18
7784,19
7782,19
7781,20
7788,17
7785,18
7789,19
7787,20
7786,21
7790,14
7793,14
7794,15
7791,16
7792,16
7795,13
7797,15
7799,17
7796,19
7798,18
7800,15
7803,15
7802,16
7804,16
7801,18
7805,13
7807,14
7806,17
7809,17
7808,19
7813,15
7811,16
7810,16
7814,17
7812,17
7815,15
7819,15
7818,15
7816,16
7817,16
7820,15
7821,17
7823,17
7824,17
7822,18
7825,15
7829,15
7827,15
7828,16
7826,17
7833,13
7830,14
7834,14
7832,16
7831,16
7836,21
7835,21
7839,22
7837,22
7838,23
7840,13
7842,17
7843,18
7844,19
7841,19
7845,14
7848,15
7849,15
7847,16
7846,17
7850,13
7852,14
7854,15
7853,16
7851,16
7855,14
7856,15
7859,16
7857,17
7858,17
7863,15
7861,16
7862,17
7860,18
7864,18
7865,15
7867,14
7866,15
7868,15
7869,16
7870,13
7874,15
7872,16
7871,17
7873,17
7875,13
7879,14
7876,15
7878,16
7877,16
7880,14
7881,15
7882,16
7883,15
7884,16
7888,13
7886,15
7889,16
7887,17
7885,17
7890,14
7893,15
7892,16
7891,18
7894,19
7895,14
7898,19
7897,20
7896,20
7899,20
7900,13
7903,14
7901,15
7902,16
7904,16
7906,15
7908,16
7905,16
7909,17
7907,18
7910,17
7913,17
7914,18
7912,18
7911,20
7915,13
7918,16
7917,17
7916,18
7919,18
7920,14
7923,16
7924,18
7921,20
7922,20
7925,18
7929,19
7928,20
7926,22
7927,21
7930,14
7933,15
7932,16
7934,16
7931,17
7935,14
7939,15
7938,15
7936,16
7937,16
7943,13
7941,16
7940,17
7942,17
7944,18
7945,12
7946,15
7948,16
7949,17
7947,18
7950,14
7952,17
7954,18
7953,18
7951,18
7955,17
7956,19
7957,19
7958,19
7959,20
7960,14
7961,15
7962,16
7964,16
7963,17
7968,13
7966,17
7969,18
7967,18
7965,18
7970,14
7973,15
7974,16
7971,17
7972,17
7975,14
7978,17
7977,17
7979,18
7976,19
7980,14
7981,17
7982,18
7984,17
7983,17
7985,14
7986,15
7987,16
7988,16
7989,17
7990,13
7993,15
7991,17
7994,16
7992,18
7995,14
7997,16
7998,16
7999,17
7996,17
8000,15
8003,16
8001,17
8002,17
8004,18
8008,13
8007,16
8005,17
8006,17
8009,17
8010,13
8012,14
8014,15
8013,16
8011,16
8018,14
8015,15
8017,15
8016,17
8019,16
8020,13
8022,14
8023,16
8021,17
8024,17
8025,19
8026,27
8029,27
8028,28
8027,28
8030,16
8031,17
8033,16
8034,17
8032,18
8035,12
8039,14
8038,15
8036,15
8037,16
8043,16
8044,17
8042,17
8040,18
8041,18
8045,14
8046,15
8047,16
8048,16
8049,17
8050,13
8054,16
8052,16
8051,17
8053,17
8055,13
8059,15
8056,17
8058,18
8057,18
8060,13
8063,15
8061,15
8064,16
8062,16
8065,14
8068,17
8069,18
8066,18
8067,18
8073,14
8070,15
8071,16
8074,17
8072,17
8075,14
8079,16
8078,17
8076,17
8077,17
8083,14
8080,17
8084,17
8081,18
8082,18
8087,17
8089,18
8085,18
8086,19
8088,19
8090,18
8091,19
8094,22
8092,23
8093,24
8095,14
8097,15
8098,16
8099,16
8096,17
8100,13
8101,17
8102,17
8103,17
8104,17
8105,13
8108,15
8106,17
8107,17
8109,17
8110,15
8113,15
8111,16
8112,16
8114,16
8115,14
8117,15
8116,16
8118,16
8119,17
8120,14
8123,16
8121,17
8122,17
8124,18
8125,13
8127,16
8126,17
8129,17
8128,18
8130,13
8131,16
8134,17
8133,17
8132,17
8135,16
8139,17
8136,18
8138,18
8137,19
8140,16
8141,17
8142,18
8143,18
8144,19
8145,14
8147,16
8148,17
8146,18
8149,18
8150,14
8151,16
8154,17
8152,18
8153,18
8158,13
8159,16
8156,17
8157,17
8155,19
8163,16
8164,18
8161,18
8160,19
8162,19
8165,14
8167,15
8166,16
8168,16
8169,19
8170,17
8172,19
8174,20
8173,20
8171,21
8175,14
8176,16
8179,17
8177,17
8178,18
8180,15
8182,16
8183,16
8184,17
8181,18
8185,14
8189,17
8186,18
8188,18
8187,19
8190,14
8191,16
8193,17
8194,17
8192,18
8195,14
8199,15
8198,16
8196,16
8197,17
8200,14
8201,17
8202,18
8203,18
8204,18
8205,13
8209,15
8207,16
8208,16
8206,17
8210,14
8214,15
8212,17
8211,17
8213,16
8215,14
8216,16
8218,17
8219,17
8217,17
8221,14
8224,15
8223,16
8220,17
8222,17
8226,13
8229,16
8228,17
8227,17
8225,18
8231,15
8230,16
8232,17
8233,17
8234,18
8235,14
8238,16
8239,17
8237,18
8236,18
8240,14
8244,16
8241,18
8242,19
8243,19
8245,15
8247,15
8249,15
8246,16
8248,16
8250,15
8253,17
8254,18
8252,19
8251,19
8255,13
8256,14
8259,15
8258,16
8257,16
8261,16
8260,17
8264,19
8262,19
8263,20
8265,13
8268,14
8266,18
8269,19
8267,19
8274,14
8270,15
8271,16
8272,17
8273,17
8275,13
8276,18
8277,19
8279,20
8278,20
8280,16
8282,19
8283,19
8284,20
8281,21
8285,17
8289,20
8287,21
8286,21
8288,22
8293,18
8294,21
8290,22
8292,22
8291,23
8298,13
8295,15
8299,15
8296,16
8297,16
8300,15
8301,16
8302,16
8304,16
8303,17
8305,13
8309,15
8306,16
8308,17
8307,18
8313,13
8311,16
8310,17
8314,16
8312,17
8315,13
8316,16
8317,16
8318,17
8319,16
8320,14
8323,15
8321,15
8324,17
8322,18
8327,16
8325,17
8328,20
8329,21
8326,21
8330,14
8332,16
8331,17
8334,18
8333,19
8335,13
8338,15
8339,16
8337,17
8336,17
8340,13
8343,15
8341,17
8342,18
8344,17
8345,14
8347,17
8349,18
8346,19
8348,22
8350,14
8353,19
8354,19
8351,20
8352,20
8359,18
8355,20
8356,20
8357,22
8358,26
8360,22
8364,21
8361,22
8363,24
8362,25
8365,15
8366,16
8369,18
8368,19
8367,20
8372,21
8370,22
8373,23
8374,25
8371,37
8378,15
8375,16
8376,17
8379,17
8377,19
8383,13
8381,15
8382,16
8384,16
8380,17
8389,15
8386,16
8387,16
8388,18
8385,20
8390,13
8393,15
8394,14
8392,17
8391,18
8399,12
8396,17
8395,18
8397,18
8398,19
8400,14
8402,15
8401,16
8404,18
8403,18
8405,13
8406,15
8409,15
8407,16
8408,16
8410,15
8413,15
8411,16
8412,16
8414,16
8418,13
8416,17
8417,17
8415,18
8419,20
8424,15
8422,17
8421,18
8423,19
8420,19
8425,15
8427,15
8426,17
8428,18
8429,18
8430,13
8431,15
8433,16
8432,16
8434,17
8435,14
8438,15
8437,16
8439,18
8436,18
8443,14
8440,15
8442,16
8441,16
8444,17
8445,14
8449,16
8447,18
8448,17
8446,18
8450,18
8452,19
8453,22
8454,22
8451,24
8455,13
8457,15
8459,15
8458,16
8456,16
8460,14
8463,15
8462,16
8464,16
8461,17
8465,14
8467,17
8469,18
8466,18
8468,18
8470,14
8471,16
8472,17
8474,17
8473,18
8475,14
8479,14
8476,15
8477,17
8478,18
8483,14
8480,16
8481,16
8484,18
8482,18
8488,14
8487,15
8489,16
8485,16
8486,17
8490,16
8491,23
8494,23
8493,26
8492,27
8495,16
8496,17
8499,17
8497,18
8498,18
8500,13
8501,15
8503,16
8502,19
8504,19
8505,14
8507,15
8509,17
8508,18
8506,18
8510,13
8513,15
8511,17
8514,18
8512,18
8515,14
8519,13
8517,15
8518,16
8516,16
8520,13
8522,16
8524,16
8521,17
8523,18
8525,13
8528,16
8527,17
8529,18
8526,18
8530,23
8533,20
8531,25
8532,27
8534,24
8535,14
8537,14
8536,15
8539,15
8538,16
8540,13
8544,14
8541,15
8542,16
8543,16
8545,13
8549,17
8547,17
8546,18
8548,18
8550,14
8551,14
8553,15
8554,16
8552,16
8555,15
8557,16
8558,17
8559,18
8556,18
8560,13
8563,19
8564,19
8562,20
8561,20
8565,13
8566,15
8569,16
8567,16
8568,17
8573,14
8572,15
8570,16
8574,16
8571,17
8576,13
8579,15
8575,16
8577,16
8578,17
8583,15
8582,16
8584,17
8581,18
8580,19
8587,18
8589,18
8586,21
8588,22
8585,23
8590,13
8592,15
8591,15
8593,15
8594,15
8595,15
8597,15
8596,16
8598,16
8599,17
8600,14
8603,15
8604,16
8602,16
8601,17
8605,13
8606,17
8608,17
8607,22
8609,23
8610,16
8613,20
8614,21
8612,21
8611,21
8618,14
8617,15
8615,15
8619,16
8616,16
8623,14
8620,16
8622,17
8621,17
8624,18
8628,17
8625,18
8627,18
8626,19
8629,18
8630,13
8631,16
8633,17
8634,18
8632,18
8635,14
8637,15
8639,16
8636,17
8638,18
8643,14
8640,15
8641,15
8642,16
8644,18
8645,13
8649,15
8647,15
8646,16
8648,16
8650,14
8651,15
8652,16
8653,16
8654,17
8655,13
8659,15
8656,16
8658,16
8657,17
8660,13
8664,16
8663,17
8661,17
8662,18
8665,13
8668,15
8667,17
8669,17
8666,18
8670,13
8673,14
8672,16
8674,15
8671,17
8675,17
8677,19
8679,19
8676,20
8678,20
8680,13
8683,15
8684,16
8682,16
8681,18
8685,13
8686,15
8689,16
8688,17
8687,17
8690,16
8691,18
8694,19
8692,19
8693,20
8695,15
8698,15
8697,15
8696,16
8699,17
8700,13
8703,14
8701,14
8702,15
8704,16
8706,13
8707,15
8708,16
8709,16
8705,16
8710,13
8711,14
8713,16
8714,17
8712,18
8718,13
8716,16
8717,17
8715,17
8719,18
8720,13
8723,14
8724,15
8721,16
8722,17
8725,13
8728,15
8726,15
8729,16
8727,17
8730,14
8733,15
8732,15
8734,16
8731,16
8735,13
8737,16
8736,17
8738,16
8739,16
8743,13
8740,15
8744,15
8742,16
8741,16
8745,13
8746,14
8748,15
8747,15
8749,17
8750,14
8753,14
8751,15
8754,15
8752,15
8758,14
8757,15
8755,16
8759,16
8756,17
8760,12
8762,15
8761,16
8764,16
8763,17
8768,13
8767,15
8766,16
8765,17
8769,17
8770,14
8773,15
8774,16
8771,17
8772,18
8775,14
8777,15
8776,15
8778,17
8779,17
8780,22
8781,23
8784,22
8782,24
8783,24
8785,14
8786,16
8787,19
8788,19
8789,19
8791,19
8790,21
8794,21
8792,22
8793,22
8795,15
8797,16
8798,16
8799,17
8796,18
8800,13
8803,16
8802,17
8801,17
8804,18
8805,13
8809,15
8807,16
8808,17
8806,17
8813,14
8811,16
8814,16
8812,17
8810,18
8815,13
8816,16
8818,17
8819,17
8817,18
8820,14
8824,15
8821,16
8822,17
8823,17
8825,13
8828,15
8827,16
8826,18
8829,17
8830,13
8834,15
8831,15
8833,16
8832,16
8835,14
8838,15
8836,16
8837,16
8839,17
8840,13
8841,17
8843,18
8842,19
8844,18
8848,13
8846,16
8847,17
8849,17
8845,19
8850,14
8851,15
8852,15
8853,17
8854,18
8855,14
8856,18
8857,19
8858,21
8859,21
8861,14
8863,20
8860,21
8862,21
8864,22
8865,14
8869,15
8868,16
8866,16
8867,17
8870,13
8871,15
8874,16
8872,17
8873,17
8875,13
8879,16
8877,18
8878,17
8876,18
8880,14
8884,15
8881,17
8883,16
8882,17
8888,16
8885,17
8889,18
8887,19
8886,19
8890,13
8893,15
8894,16
8891,16
8892,17
8895,21
8897,27
8896,28
8898,29
8899,29
8900,14
8901,16
8902,17
8904,17
8903,17
8905,14
8907,15
8909,16
8908,17
8906,17
8910,14
8911,20
8913,20
8914,21
8912,22
8915,15
8916,16
8919,16
8918,17
8917,18
8920,14
8923,17
8921,18
8924,18
8922,19
8925,13
8927,16
8928,17
8926,17
8929,17
8930,13
8933,14
8932,15
8934,15
8931,16
8935,15
8937,15
8939,16
8938,17
8936,18
8940,15
8941,16
8942,17
8943,16
8944,17
8945,14
8947,17
8949,17
8946,18
8948,19
8950,14
8954,15
8951,16
8953,17
8952,17
8955,13
8958,14
8957,16
8959,16
8956,17
8960,14
8963,17
8961,19
8964,18
8962,19
8968,22
8965,24
8966,24
8969,24
8967,25
8970,14
8971,17
8972,18
8974,19
8973,20
8976,15
8978,16
8977,16
8975,18
8979,19
8983,15
8984,16
8980,17
8981,18
8982,19
8987,15
8989,16
8986,17
8985,19
8988,20
8993,15
8991,16
8990,18
8994,18
8992,19
8995,19
8997,19
8998,19
8999,20
8996,22
9002,16
9001,18
9003,19
9000,19
9004,22
9008,16
9007,16
9006,17
9005,19
9009,19
9012,14
9013,16
9011,17
9014,17
9010,19
9015,14
9017,15
9019,15
9018,17
9016,18
9020,13
9022,15
9021,16
9023,17
9024,16
9025,14
9027,15
9026,16
9028,16
9029,16
9030,14
9034,15
9032,17
9031,18
9033,21
9035,19
9038,20
9039,20
9036,21
9037,22
9040,19
9043,20
9041,22
9044,22
9042,23
9045,14
9049,15
9048,15
9046,17
9047,18
9050,25
9052,26
9054,28
9051,29
9053,30
9055,13
9059,14
9056,15
9057,17
9058,18
9063,14
9061,20
9064,20
9060,21
9062,21
9065,14
9067,14
9066,15
9069,15
9068,16
9070,13
9071,16
9073,16
9072,17
9074,16
9075,14
9078,15
9077,16
9076,16
9079,17
9080,13
9081,16
9084,17
9083,17
9082,18
9088,13
9086,17
9087,17
9085,18
9089,18
9093,13
9094,14
9090,16
9092,15
9091,16
9098,14
9096,16
9097,16
9099,17
9095,17
9100,13
9103,14
9104,15
9102,15
9101,16
9105,14
9108,16
9106,17
9109,18
9107,18
9111,14
9113,16
9112,17
9114,17
9110,19
9115,13
9117,13
9116,17
9119,16
9118,17
9120,14
9123,18
9124,18
9122,19
9121,19
9125,13
9128,14
9126,15
9129,15
9127,16
9132,19
9131,22
9130,23
9134,23
9133,23
9135,13
9136,16
9139,17
9137,17
9138,18
9140,13
9142,14
9141,14
9143,15
9144,17
9145,12
9149,15
9146,16
9148,17
9147,17
9150,14
9153,14
9151,15
9152,16
9154,16
9155,13
9158,14
9157,15
9156,16
9159,16
9160,12
9162,15
9163,15
9161,16
9164,16
9167,15
9165,15
9169,17
9168,17
9166,18
9170,13
9172,16
9174,17
9173,18
9171,18
9178,13
9176,16
9179,16
9175,18
9177,18
9180,17
9181,19
9182,20
9183,19
9184,20
9185,13
9186,17
9188,18
9187,19
9189,18
9190,14
9193,16
9191,18
9192,19
9194,18
9198,13
9197,16
9196,17
9195,23
9199,25
9203,13
9200,16
9204,17
9202,17
9201,18
9205,13
9209,16
9207,18
9208,18
9206,19
9210,14
9211,15
9212,15
9213,18
9214,18
9215,13
9217,16
9219,17
9216,17
9218,17
9223,14
9224,15
9222,16
9220,16
9221,17
9225,14
9229,14
9226,16
9228,16
9227,16
9230,13
9232,16
9231,17
9234,17
9233,18
9235,13
9236,15
9237,15
9239,17
9238,17
9243,29
9244,32
9240,33
9242,33
9241,34
9245,13
9249,17
9247,17
9248,18
9246,18
9254,13
9252,14
9250,15
9251,17
9253,17
9255,14
9259,15
9256,16
9257,17
9258,18
9260,13
9264,14
9262,15
9263,16
9261,17
9265,13
9266,16
9267,16
9268,17
9269,17
9270,13
9274,15
9273,16
9271,17
9272,17
9275,13
9278,14
9277,15
9279,16
9276,17
9280,14
9282,16
9283,18
9284,19
9281,19
9288,14
9285,15
9287,15
9289,15
9286,17
9290,13
9292,15
9294,16
9293,16
9291,17
9295,16
9296,16
9298,17
9297,17
9299,18
9300,18
9301,20
9304,16
9303,16
9302,18
9305,21
9307,26
9306,27
9308,31
9309,32
9310,15
9312,15
9311,17
9314,18
9313,19
9318,13
9317,16
9316,17
9319,18
9315,18
9320,14
9322,17
9321,19
9324,18
9323,19
9328,14
9327,16
9326,17
9329,18
9325,18
9330,15
9332,18
9333,19
9334,19
9331,20
9335,19
9336,20
9337,20
9338,25
9339,26
9340,14
9344,16
9342,17
9341,17
9343,18
9345,14
9346,15
9347,16
9348,16
9349,17
9350,13
9353,16
9351,18
9354,17
9352,18
9355,13
9357,16
9358,17
9356,17
9359,17
9364,14
9360,15
9363,15
9361,16
9362,17
9365,21
9367,22
9368,23
9369,24
9366,25
9373,16
9371,18
9370,18
9374,19
9372,20
9375,14
9379,16
9376,18
9377,18
9378,18
9380,13
9383,17
9382,18
9384,18
9381,18
9388,15
9389,16
9386,16
9387,18
9385,19
9390,20
9393,21
9392,22
9394,22
9391,22
9395,13
9397,15
9398,15
9396,16
9399,17
9400,14
9401,15
9403,16
9404,16
9402,17
9405,13
9408,15
9409,15
9407,17
9406,17
9410,13
9413,13
9411,14
9412,15
9414,16
9415,38
9419,38
9418,39
9416,39
9417,40
9420,18
9423,19
9424,20
9421,21
9422,21
9425,14
9427,15
9428,16
9426,18
9429,17
9430,14
9431,16
9433,16
9434,17
9432,18
9435,13
9437,15
9438,15
9436,16
9439,17
9440,13
9441,16
9442,17
9443,17
9444,18
9445,13
9448,15
9449,16
9447,16
9446,17
9450,14
9453,15
9452,15
9454,16
9451,17
9455,14
9459,16
9456,17
9458,18
9457,19
9460,20
9462,21
9463,23
9461,23
9464,23
9468,13
9465,17
9466,17
9469,17
9467,18
9471,14
9472,15
9474,16
9473,17
9470,17
9475,17
9477,20
9476,22
9478,22
9479,22
9480,14
9481,15
9483,16
9484,17
9482,18
9485,14
9488,15
9489,17
9487,18
9486,18
9490,14
9493,17
9492,18
9491,18
9494,18
9495,14
9499,17
9496,18
9497,18
9498,19
9500,15
9504,18
9501,19
9502,20
9503,20
9508,15
9507,16
9505,17
9509,16
9506,18
9512,14
9510,15
9511,16
9514,16
9513,17
9515,15
9519,19
9517,20
9516,21
9518,21
9520,14
9523,15
9524,15
9522,17
9521,17
9525,13
9529,16
9527,17
9528,17
9526,19
9530,14
9531,15
9532,16
9534,17
9533,17
9535,13
9537,14
9538,15
9539,16
9536,16
9540,21
9541,25
9543,25
9542,26
9544,27
9549,19
9546,22
9545,22
9548,23
9547,24
9550,13
9554,17
9552,18
9553,18
9551,18
9555,14
9558,15
9556,16
9557,17
9559,17
9560,13
9564,15
9562,15
9563,16
9561,17
9568,14
9565,15
9566,18
9567,18
9569,18
9570,14
9573,14
9574,15
9572,15
9571,16
9575,14
9576,16
9577,16
9579,16
9578,17
9580,13
9584,15
9583,16
9581,16
9582,17
9585,13
9588,15
9587,16
9589,16
9586,17
9590,14
9592,17
9593,18
9591,18
9594,19
9595,14
9597,16
9598,16
9596,18
9599,17
9600,15
9603,17
9602,18
9601,19
9604,19
9605,13
9609,15
9606,15
9608,16
9607,17
9610,14
9612,15
9614,16
9611,17
9613,18
9617,14
9619,17
9616,18
9615,19
9618,19
9620,13
9623,14
9624,15
9621,16
9622,17
9628,15
9627,16
9629,19
9625,20
9626,20
9634,16
9632,17
9633,20
9631,21
9630,23
9635,14
9636,15
9639,15
9637,18
9638,18
9642,13
9643,16
9641,17
9640,19
9644,18
9645,13
9646,15
9647,16
9648,17
9649,17
9650,13
9651,17
9653,18
9652,19
9654,18
9655,13
9656,15
9659,15
9657,16
9658,17
9660,14
9664,14
9661,16
9662,17
9663,17
9665,13
9668,16
9669,17
9666,17
9667,18
9674,14
9670,16
9671,16
9673,16
9672,17
9675,14
9676,17
9677,18
9678,17
9679,17
9684,32
9680,33
9682,33
9681,34
9683,35
9685,13
9686,15
9687,17
9688,20
9689,20
9690,14
9691,17
9694,18
9692,19
9693,19
9695,13
9697,14
9698,15
9699,15
9696,17
9700,15
9704,16
9703,17
9702,17
9701,18
9705,14
9709,15
9707,16
9706,17
9708,17
9710,20
9714,22
9713,23
9712,27
9711,28
9715,16
9719,16
9716,16
9718,20
9717,20
9720,14
9724,14
9721,15
9723,16
9722,17
9725,14
9728,16
9726,16
9729,16
9727,18
9730,17
9733,17
9732,18
9731,19
9734,20
9738,20
9737,20
9739,21
9735,23
9736,25
9740,15
9741,16
9743,16
9742,17
9744,18
9749,27
9748,28
9747,30
9746,31
9745,31
9750,15
9752,25
9753,26
9751,27
9754,27
9756,15
9758,16
9759,17
9757,18
9755,19
9764,15
9763,18
9760,19
9762,19
9761,20
9768,13
9765,17
9769,17
9767,18
9766,19
9772,15
9773,16
9771,16
9774,17
9770,19
9775,14
9776,15
9777,16
9779,17
9778,17
9780,13
9781,14
9782,15
9783,16
9784,16
9785,16
9789,16
9786,17
9788,17
9787,17
9790,15
9791,17
9793,18
9792,19
9794,19
9795,14
9796,15
9798,17
9799,18
9797,18
9800,15
9801,16
9803,17
9802,18
9804,18
9805,19
9809,20
9807,21
9806,22
9808,22
9810,14
9812,16
9811,17
9813,18
9814,18
9815,14
9818,14
9817,16
9819,16
9816,16
9820,14
9823,14
9822,15
9821,16
9824,17
9825,15
9828,15
9829,16
9827,17
9826,18
9832,15
9831,16
9830,17
9833,18
9834,18
9835,13
9838,16
9837,17
9836,17
9839,18
9840,13
9844,16
9843,16
9842,17
9841,18
9845,13
9847,16
9848,18
9849,18
9846,18
9850,14
9854,14
9853,15
9852,16
9851,17
9855,14
9858,15
9856,15
9859,17
9857,18
9860,15
9863,16
9861,17
9864,18
9862,18
9865,14
9868,14
9867,15
9866,16
9869,16
9870,13
9873,14
9871,16
9874,17
9872,17
9875,14
9877,14
9876,15
9878,16
9879,17
9883,13
9884,15
9880,16
9881,16
9882,17
9885,13
9887,16
9886,17
9889,17
9888,18
9890,15
9893,15
9892,16
9891,17
9894,17
9895,13
9896,16
9899,17
9897,17
9898,18
9903,13
9900,15
9904,15
9901,16
9902,17
9907,18
9908,19
9906,22
9909,23
9905,24
9910,13
9911,16
9912,17
9914,17
9913,18
9915,13
9918,14
9917,14
9919,15
9916,17
9920,13
9922,16
9924,16
9923,17
9921,18
9925,17
9928,19
9926,20
9929,20
9927,21
9930,16
9932,17
9933,18
9931,19
9934,19
9935,26
9937,30
9938,30
9936,31
9939,30
9943,15
9940,15
9944,16
9942,17
9941,17
9945,13
9948,15
9946,17
9947,17
9949,17
9950,14
9951,15
9953,15
9954,15
9952,16
9955,13
9956,15
9957,15
9959,16
9958,16
9960,16
9961,19
9964,20
9963,21
9962,21
9965,14
9968,15
9967,18
9969,19
9966,19
9970,13
9973,14
9971,15
9974,17
9972,17
9975,13
9976,14
9977,14
9978,15
9979,15
9980,13
9981,14
9983,15
9982,16
9984,16
9985,13
9986,15
9989,16
9988,17
9987,17
9990,13
9991,15
9992,16
9994,16
9993,16
9995,14
9997,17
9996,18
9998,17
9999,18
10000,10
