count,get,post,filter
4,593,588,543
1,779,903,793
2,755,640,754
3,795,730,777
9,586,855,641
6,794,726,535
5,778,839,792
7,844,756,582
8,820,762,831
14,564,909,569
12,591,813,592
10,731,667,744
11,817,809,565
13,818,845,787
19,562,763,619
18,540,587,582
16,593,835,592
17,557,760,568
15,791,782,730
23,820,637,567
20,776,638,590
24,593,696,606
21,767,571,592
22,757,899,792
29,602,600,727
28,598,544,762
26,758,564,762
27,795,558,612
25,592,790,590
31,542,771,560
33,534,996,619
30,723,950,601
32,581,845,760
34,759,935,794
37,564,593,771
35,611,618,755
38,758,652,751
39,583,775,790
36,751,561,794
40,586,695,792
41,728,639,567
43,539,900,563
42,745,797,572
44,584,788,793
47,830,776,576
46,560,663,754
48,557,765,591
45,569,570,781
49,549,775,544
54,580,612,603
50,761,573,561
53,790,585,564
51,559,755,578
52,783,815,799
56,726,570,570
58,800,589,761
57,731,838,567
59,780,897,748
55,773,869,802
64,565,757,568
62,562,779,592
61,573,835,766
63,835,685,566
60,811,596,797
68,608,782,775
66,590,576,591
67,585,585,800
65,796,568,788
69,803,561,757
70,806,669,546
73,579,846,802
74,772,834,564
72,582,569,592
71,797,790,766
77,565,602,797
76,830,796,564
79,603,736,572
75,669,742,815
78,661,755,799
80,813,594,584
81,757,616,567
83,596,566,586
82,787,795,755
84,566,579,738
86,555,740,727
87,593,766,587
85,589,793,571
89,726,843,562
88,789,582,591
91,593,690,587
90,770,609,790
94,757,564,570
92,789,582,750
93,781,759,757
96,559,565,565
97,584,866,579
99,561,584,758
95,774,604,787
98,776,584,733
100,589,769,765
